Horodateur,Jour travaill√© : Quand et combien de temps utilisez-vous votre t√©l√©vision dans la journ√©e ? (jeux vid√©o compris) [6h - 9h],Jour travaill√© : Quand et combien de temps utilisez-vous votre t√©l√©vision dans la journ√©e ? (jeux vid√©o compris) [9h - 12h],Jour travaill√© : Quand et combien de temps utilisez-vous votre t√©l√©vision dans la journ√©e ? (jeux vid√©o compris) [12h - 15h],Jour travaill√© : Quand et combien de temps utilisez-vous votre t√©l√©vision dans la journ√©e ? (jeux vid√©o compris) [15h - 18h],Jour travaill√© : Quand et combien de temps utilisez-vous votre t√©l√©vision dans la journ√©e ? (jeux vid√©o compris) [18h - 21h],Jour travaill√© : Quand et combien de temps utilisez-vous votre t√©l√©vision dans la journ√©e ? (jeux vid√©o compris) [21h - 00h],Jour travaill√© : Quand et combien de temps utilisez-vous votre t√©l√©vision dans la journ√©e ? (jeux vid√©o compris) [00h - 6h],Jour travaill√© : Quand et combien de temps utilisez-vous votre ordinateur (ou tablette) dans la journ√©e ? [6h - 9h],Jour travaill√© : Quand et combien de temps utilisez-vous votre ordinateur (ou tablette) dans la journ√©e ? [9h - 12h],Jour travaill√© : Quand et combien de temps utilisez-vous votre ordinateur (ou tablette) dans la journ√©e ? [12h - 15h],Jour travaill√© : Quand et combien de temps utilisez-vous votre ordinateur (ou tablette) dans la journ√©e ? [15h - 18h],Jour travaill√© : Quand et combien de temps utilisez-vous votre ordinateur (ou tablette) dans la journ√©e ? [18h - 21h],Jour travaill√© : Quand et combien de temps utilisez-vous votre ordinateur (ou tablette) dans la journ√©e ? [21h - 00h],Jour travaill√© : Quand et combien de temps utilisez-vous votre ordinateur (ou tablette) dans la journ√©e ? [00h - 6h],Jour travaill√© : Quand et combien de temps utilisez-vous vos plaques √† induction (ou four) dans la journ√©e ? [6h - 9h],Jour travaill√© : Quand et combien de temps utilisez-vous vos plaques √† induction (ou four) dans la journ√©e ? [9h - 12h],Jour travaill√© : Quand et combien de temps utilisez-vous vos plaques √† induction (ou four) dans la journ√©e ? [12h - 15h],Jour travaill√© : Quand et combien de temps utilisez-vous vos plaques √† induction (ou four) dans la journ√©e ? [15h - 18h],Jour travaill√© : Quand et combien de temps utilisez-vous vos plaques √† induction (ou four) dans la journ√©e ? [18h - 21h],Jour travaill√© : Quand et combien de temps utilisez-vous vos plaques √† induction (ou four) dans la journ√©e ? [21h - 00h],Jour travaill√© : Quand et combien de temps utilisez-vous vos plaques √† induction (ou four) dans la journ√©e ? [00h - 6h],"Jour travaill√© : Quand et combien de fois utilisez-vous un appareil de cuisine de courte dur√©e dans la journ√©e ? (Exemple: Machine √† caf√©, micro-onde, grille-pain) [6h - 9h]","Jour travaill√© : Quand et combien de fois utilisez-vous un appareil de cuisine de courte dur√©e dans la journ√©e ? (Exemple: Machine √† caf√©, micro-onde, grille-pain) [9h - 12h]","Jour travaill√© : Quand et combien de fois utilisez-vous un appareil de cuisine de courte dur√©e dans la journ√©e ? (Exemple: Machine √† caf√©, micro-onde, grille-pain) [12h - 15h]","Jour travaill√© : Quand et combien de fois utilisez-vous un appareil de cuisine de courte dur√©e dans la journ√©e ? (Exemple: Machine √† caf√©, micro-onde, grille-pain) [15h - 18h]","Jour travaill√© : Quand et combien de fois utilisez-vous un appareil de cuisine de courte dur√©e dans la journ√©e ? (Exemple: Machine √† caf√©, micro-onde, grille-pain) [18h - 21h]","Jour travaill√© : Quand et combien de fois utilisez-vous un appareil de cuisine de courte dur√©e dans la journ√©e ? (Exemple: Machine √† caf√©, micro-onde, grille-pain) [21h - 00h]","Jour travaill√© : Quand et combien de fois utilisez-vous un appareil de cuisine de courte dur√©e dans la journ√©e ? (Exemple: Machine √† caf√©, micro-onde, grille-pain) [00h - 6h]","Jour travaill√© : Quand et combien de fois utilisez-vous un appareil de salle de bain de courte dur√©e dans la journ√©e ? (Exemple: S√®che-cheveux, lisseur) [6h - 9h]","Jour travaill√© : Quand et combien de fois utilisez-vous un appareil de salle de bain de courte dur√©e dans la journ√©e ? (Exemple: S√®che-cheveux, lisseur) [9h - 12h]","Jour travaill√© : Quand et combien de fois utilisez-vous un appareil de salle de bain de courte dur√©e dans la journ√©e ? (Exemple: S√®che-cheveux, lisseur) [12h - 15h]","Jour travaill√© : Quand et combien de fois utilisez-vous un appareil de salle de bain de courte dur√©e dans la journ√©e ? (Exemple: S√®che-cheveux, lisseur) [15h - 18h]","Jour travaill√© : Quand et combien de fois utilisez-vous un appareil de salle de bain de courte dur√©e dans la journ√©e ? (Exemple: S√®che-cheveux, lisseur) [18h - 21h]","Jour travaill√© : Quand et combien de fois utilisez-vous un appareil de salle de bain de courte dur√©e dans la journ√©e ? (Exemple: S√®che-cheveux, lisseur) [21h - 00h]","Jour travaill√© : Quand et combien de fois utilisez-vous un appareil de salle de bain de courte dur√©e dans la journ√©e ? (Exemple: S√®che-cheveux, lisseur) [00h - 6h]",Jour non travaill√© : Quand et combien de temps utilisez-vous votre t√©l√©vision dans la journ√©e ? (jeux vid√©o compris) [6h - 9h],Jour non travaill√© : Quand et combien de temps utilisez-vous votre t√©l√©vision dans la journ√©e ? (jeux vid√©o compris) [9h - 12h],Jour non travaill√© : Quand et combien de temps utilisez-vous votre t√©l√©vision dans la journ√©e ? (jeux vid√©o compris) [12h - 15h],Jour non travaill√© : Quand et combien de temps utilisez-vous votre t√©l√©vision dans la journ√©e ? (jeux vid√©o compris) [15h - 18h],Jour non travaill√© : Quand et combien de temps utilisez-vous votre t√©l√©vision dans la journ√©e ? (jeux vid√©o compris) [18h - 21h],Jour non travaill√© : Quand et combien de temps utilisez-vous votre t√©l√©vision dans la journ√©e ? (jeux vid√©o compris) [21h - 00h],Jour non travaill√© : Quand et combien de temps utilisez-vous votre t√©l√©vision dans la journ√©e ? (jeux vid√©o compris) [00h - 6h],Jour non travaill√© : Quand et combien de temps utilisez-vous votre ordinateur (ou tablette) dans la journ√©e ? [6h - 9h],Jour non travaill√© : Quand et combien de temps utilisez-vous votre ordinateur (ou tablette) dans la journ√©e ? [9h - 12h],Jour non travaill√© : Quand et combien de temps utilisez-vous votre ordinateur (ou tablette) dans la journ√©e ? [12h - 15h],Jour non travaill√© : Quand et combien de temps utilisez-vous votre ordinateur (ou tablette) dans la journ√©e ? [15h - 18h],Jour non travaill√© : Quand et combien de temps utilisez-vous votre ordinateur (ou tablette) dans la journ√©e ? [18h - 21h],Jour non travaill√© : Quand et combien de temps utilisez-vous votre ordinateur (ou tablette) dans la journ√©e ? [21h - 00h],Jour non travaill√© : Quand et combien de temps utilisez-vous votre ordinateur (ou tablette) dans la journ√©e ? [00h - 6h],Jour non travaill√© : Quand et combien de temps utilisez-vous vos plaques √† induction (ou four) dans la journ√©e ? [6h - 9h],Jour non travaill√© : Quand et combien de temps utilisez-vous vos plaques √† induction (ou four) dans la journ√©e ? [9h - 12h],Jour non travaill√© : Quand et combien de temps utilisez-vous vos plaques √† induction (ou four) dans la journ√©e ? [12h - 15h],Jour non travaill√© : Quand et combien de temps utilisez-vous vos plaques √† induction (ou four) dans la journ√©e ? [15h - 18h],Jour non travaill√© : Quand et combien de temps utilisez-vous vos plaques √† induction (ou four) dans la journ√©e ? [18h - 21h],Jour non travaill√© : Quand et combien de temps utilisez-vous vos plaques √† induction (ou four) dans la journ√©e ? [21h - 00h],Jour non travaill√© : Quand et combien de temps utilisez-vous vos plaques √† induction (ou four) dans la journ√©e ? [00h - 6h],"Jour non travaill√© : Quand et combien de fois utilisez-vous un appareil de cuisine de courte dur√©e dans la journ√©e ? (Exemple: Machine √† caf√©, micro-onde, grille-pain) [6h - 9h]","Jour non travaill√© : Quand et combien de fois utilisez-vous un appareil de cuisine de courte dur√©e dans la journ√©e ? (Exemple: Machine √† caf√©, micro-onde, grille-pain) [9h - 12h]","Jour non travaill√© : Quand et combien de fois utilisez-vous un appareil de cuisine de courte dur√©e dans la journ√©e ? (Exemple: Machine √† caf√©, micro-onde, grille-pain) [12h - 15h]","Jour non travaill√© : Quand et combien de fois utilisez-vous un appareil de cuisine de courte dur√©e dans la journ√©e ? (Exemple: Machine √† caf√©, micro-onde, grille-pain) [15h - 18h]","Jour non travaill√© : Quand et combien de fois utilisez-vous un appareil de cuisine de courte dur√©e dans la journ√©e ? (Exemple: Machine √† caf√©, micro-onde, grille-pain) [18h - 21h]","Jour non travaill√© : Quand et combien de fois utilisez-vous un appareil de cuisine de courte dur√©e dans la journ√©e ? (Exemple: Machine √† caf√©, micro-onde, grille-pain) [21h - 00h]","Jour non travaill√© : Quand et combien de fois utilisez-vous un appareil de cuisine de courte dur√©e dans la journ√©e ? (Exemple: Machine √† caf√©, micro-onde, grille-pain) [00h - 6h]","Jour non travaill√© : Quand et combien de fois utilisez-vous un appareil de salle de bain de courte dur√©e dans la journ√©e ? (Exemple: S√®che-cheveux, lisseur) [6h - 9h]","Jour non travaill√© : Quand et combien de fois utilisez-vous un appareil de salle de bain de courte dur√©e dans la journ√©e ? (Exemple: S√®che-cheveux, lisseur) [9h - 12h]","Jour non travaill√© : Quand et combien de fois utilisez-vous un appareil de salle de bain de courte dur√©e dans la journ√©e ? (Exemple: S√®che-cheveux, lisseur) [12h - 15h]","Jour non travaill√© : Quand et combien de fois utilisez-vous un appareil de salle de bain de courte dur√©e dans la journ√©e ? (Exemple: S√®che-cheveux, lisseur) [15h - 18h]","Jour non travaill√© : Quand et combien de fois utilisez-vous un appareil de salle de bain de courte dur√©e dans la journ√©e ? (Exemple: S√®che-cheveux, lisseur) [18h - 21h]","Jour non travaill√© : Quand et combien de fois utilisez-vous un appareil de salle de bain de courte dur√©e dans la journ√©e ? (Exemple: S√®che-cheveux, lisseur) [21h - 00h]","Jour non travaill√© : Quand et combien de fois utilisez-vous un appareil de salle de bain de courte dur√©e dans la journ√©e ? (Exemple: S√®che-cheveux, lisseur) [00h - 6h]","Par semaine, combien de fois sont utilis√©s ces appareils dans votre foyer ? [Machine √† laver]","Par semaine, combien de fois sont utilis√©s ces appareils dans votre foyer ? [Lave vaisselle]","Par semaine, combien de fois sont utilis√©s ces appareils dans votre foyer ? [S√®che linge]",Avez-vous la climatisation chez vous ?,Avez-vous un chauffage d'appoint chez vous ?,Remarques :,
2018/02/21 4:16:42 PM UTC+1,0,0,0,0,30,0,0,0,0,0,0,60,60,0,15,0,0,0,30,0,0,0,0,0,0,1,0,0,0,0,0,0,0,0,0,0,0,0,0,0,120,0,0,60,60,120,60,0,0,0,15,30,0,30,0,0,0,0,0,0,1,0,0,0,0,0,0,0,0,0,3,2,0,Non,Non,,
2018/02/21 4:16:49 PM UTC+1,0,0,0,0,0,0,0,0,0,0,30,60,120,0,0,0,0,0,0,30,0,2,0,0,0,1,1,0,1,0,0,0,0,0,0,0,0,0,2 *60,0,0,0,0,60,0,120,120,0,0,0,0,30,0,0,30,0,0,2,0,2,0,0,0,0,0,0,0,0,0,0,2,2,0,Non,Oui,,
2018/02/21 4:18:02 PM UTC+1,15,0,0,0,30,120,0,0,0,0,0,60,0,0,0,0,0,0,60,0,0,0,0,0,0,1,0,0,0,0,0,0,0,0,0,0,0,60,120,60,120,60,0,120,30,0,0,120,120,0,0,0,0,60,0,0,1,0,1,0,1,0,0,0,0,0,0,0,0,0,4,0,0,Non,Non,,
2018/02/21 4:18:13 PM UTC+1,0,0,0,0,0,0,0,0,0,0,120,180,180,0,0,0,0,0,60,0,0,1,0,0,0,0,0,0,0,0,0,0,1,0,0,0,0,0,0,0,0,0,60,180,180,180,180,0,0,0,0,60,0,60,0,0,0,2,0,0,0,0,0,0,0,0,0,0,0,0,1,0,1,Non,Non,,
2018/02/21 4:52:07 PM UTC+1,0,0,0,0,30,60,0,0,0,0,0,0,60,0,0,0,0,0,15,0,0,1,0,0,0,1,0,0,0,0,0,0,0,0,0,0,0,0,0,60,60,0,0,0,0,60,60,0,0,0,0,30,0,30,0,0,0,2,0,2,0,0,0,0,0,0,0,1,0,0,3,7,3,Non,Oui," magnifique cependant certaines questions restent √©tranges √† √©valuer sur une journ√©e (comme l'utilisation du lisseur, seche-cheveux...)",
2018/02/21 5:07:19 PM UTC+1,0,0,0,0,0,0,0,15,0,0,30,180,120,0,0,0,0,0,30,0,0,2,0,0,0,0,0,0,0,0,0,0,1,0,0,0,0,0,0,0,0,0,0,60,120,120,180,180,0,0,0,30,0,30,0,0,2,0,1,0,0,0,0,0,0,0,0,1,0,0,1,0,0,Non,Non, ,
2018/02/21 5:08:00 PM UTC+1,0,0,0,0,0,120,0,120,120,120,120,15,15,0,0,0,0,0,30,0,0,1,1,1,1,1,0,0,0,0,0,0,0,0,0,0,30,30,30,60,60,0,0,30,30,30,30,0,0,0,0,0,0,0,0,0,1,0,1,0,0,0,0,1,0,0,0,0,0,0,4,7,0,Non,Non, ,
2018/02/21 5:10:25 PM UTC+1,0,0,0,0,120,0,0,30,180,180,180,60,60,0,0,0,30,0,60,0,0,2,0,0,0,2,0,0,0,0,0,0,0,0,0,0,0,0,0,0,0,0,30,30,0,120,0,0,0,0,0,30,0,30,0,0,2,0,2,0,1,0,0,0,0,0,0,0,0,0,4,6,0,Non,Non, ,
2018/02/21 5:10:36 PM UTC+1,0,0,0,0,30,30,0,0,0,0,0,120,120,0,0,0,0,0,30,0,0,1,0,0,0,0,0,0,0,0,0,0,1,0,0,0,0,0,0,0,30,0,0,120,0,0,30,120,0,0,0,0,0,0,0,0,1,0,0,0,0,0,0,0,0,0,0,1,0,0,3,5,1,Oui,Non, ,
2018/02/21 5:11:14 PM UTC+1,0,0,0,0,60,120,0,30,180,60,180,180,60,0,0,0,0,0,30,0,0,0,0,0,0,0,1,0,1,0,0,0,0,0,0,0,0,120,0,30,0,0,0,0,60,60,120,0,0,0,0,15,0,0,15,0,0,0,2,0,0,1,0,0,1,0,0,0,0,0,5,6,0,Non,Non,,
2018/02/21 5:12:27 PM UTC+1,0,0,0,0,0,0,0,60,120,120,120,120,120,30,0,0,0,0,30,30,0,0,1,0,1,1,0,0,0,0,0,0,0,0,0,0,0,0,0,0,0,0,60,120,120,120,120,120,60,0,30,30,0,30,30,0,0,0,1,0,1,0,0,0,0,0,0,0,0,0,1,0,1,Non,Non, ,
2018/02/21 5:12:29 PM UTC+1,0,0,0,0,120,120,0,0,0,0,0,15,15,0,0,0,0,0,30,0,0,1,0,1,0,1,0,0,1,0,0,0,0,0,0,0,60,0,120,0,120,0,0,15,0,15,15,0,0,0,30,0,0,30,0,0,0,1,1,0,1,0,0,0,1,0,0,0,0,0,4,2,0,Non,Non, ,
2018/02/21 5:13:34 PM UTC+1,0,0,0,0,0,0,0,0,0,0,0,120,120,0,0,0,0,0,0,0,0,1,0,0,0,2,2,0,0,0,0,0,0,0,0,0,0,0,0,0,0,0,0,120,120,60,60,60,0,0,0,0,0,0,0,0,1,0,0,0,0,1,0,0,1,0,0,0,0,0,1,1,1,Non,Non, ,
2018/02/21 5:13:45 PM UTC+1,0,0,0,0,0,0,0,0,0,0,0,60,60,0,0,0,0,0,30,0,0,0,0,0,0,0,2,0,0,0,0,0,0,0,0,0,0,0,0,0,0,0,0,0,30,30,60,120,0,0,0,30,0,30,0,0,0,0,0,0,0,0,0,0,1,0,0,0,0,0,1,0,0,Non,Non, ,
2018/02/21 5:14:03 PM UTC+1,0,0,0,0,0,0,0,0,15,15,0,15,0,0,0,0,0,0,15,0,0,1,0,0,0,1,0,0,0,0,0,0,0,0,0,0,0,0,0,0,0,0,0,0,0,0,0,0,0,0,0,0,0,0,0,0,0,0,0,0,0,0,0,0,0,0,0,0,0,0,4,7,0,Non,Oui, ,
2018/02/21 5:14:09 PM UTC+1,0,0,0,0,0,0,0,180,180,180,120,0,0,0,0,0,0,0,15,0,0,2,0,0,0,1,0,0,0,0,0,0,0,0,0,0,0,0,0,0,0,0,0,0,60,0,0,0,0,0,0,0,30,0,0,0,0,1,0,0,2,0,0,0,0,0,0,0,0,0,5,0,0,Non,Non, ,
2018/02/21 5:15:38 PM UTC+1,0,0,0,0,120,0,0,0,0,0,0,15,0,0,0,0,0,0,15,0,0,1,0,0,0,1,0,0,1,0,0,0,0,0,0,0,15,0,0,120,120,0,0,0,0,60,0,0,0,0,15,0,0,15,0,0,0,1,1,0,1,0,0,0,0,0,0,0,0,0,1,0,0,Non,Non, ,
2018/02/21 5:16:41 PM UTC+1,0,0,0,0,0,0,0,0,0,0,60,60,60,0,0,0,0,0,15,0,0,0,0,0,0,1,0,0,0,0,0,0,0,0,0,0,0,0,0,0,0,0,0,30,0,0,60,60,0,0,15,0,0,15,0,0,0,0,0,0,1,0,0,0,0,0,0,0,0,0,0,0,0,Non,Non, ,
2018/02/21 5:21:05 PM UTC+1,0,0,0,0,0,0,0,0,60,30,120,120,120,0,0,0,15,0,30,0,0,0,2,1,0,0,0,0,0,0,0,0,0,0,0,0,0,0,0,0,0,0,0,0,0,0,0,0,0,0,0,0,0,0,0,0,0,0,0,0,0,0,0,0,0,0,0,0,0,0,1,0,1,Non,Non, ,
2018/02/21 5:22:44 PM UTC+1,0,0,0,0,0,0,0,0,0,0,0,180,180,120,0,0,0,0,60,15,0,1,0,0,0,0,2,0,1,0,0,0,1,0,0,0,0,30,0,0,0,0,0,0,0,180,180,180,120,0,0,60,0,0,60,0,0,0,0,2,3,0,3,0,0,0,0,1,0,0,7,2,0,Non,Oui, Bon courage les mecs !,
2018/02/21 5:24:21 PM UTC+1,0,0,0,0,180,120,0,0,0,0,0,30,0,0,0,0,0,0,30,0,0,0,0,0,0,1,1,0,0,0,0,0,0,0,0,0,60,120,180,180,120,0,0,0,0,0,0,0,0,0,30,0,0,30,0,0,1,0,0,0,1,0,0,0,0,0,0,0,0,0,0,0,0,Non,Non, ,
2018/02/21 5:24:47 PM UTC+1,0,0,0,0,0,0,0,30,120,120,120,120,180,0,0,0,0,0,30,0,0,1,0,0,0,1,0,0,0,0,0,0,0,0,0,0,0,0,0,30,30,0,0,120,120,120,120,120,0,0,0,60,0,60,0,0,1,0,1,0,1,0,0,0,0,0,0,0,0,0,1,2,1,Non,Non, ,
2018/02/21 5:25:26 PM UTC+1,0,0,0,0,120,60,0,60,180,180,180,30,0,0,0,0,0,0,60,0,0,0,0,0,0,2,0,0,1,0,0,0,0,1,0,0,0,180,60,180,120,0,0,0,0,180,0,0,0,0,0,60,0,60,0,0,0,2,0,1,2,0,0,2,0,0,0,0,0,0,3,1,0,Non,Non, ,
2018/02/21 5:28:01 PM UTC+1,0,0,0,0,15,120,0,0,0,60,180,60,0,0,0,0,0,0,30,0,0,1,0,1,0,0,0,0,0,1,0,0,0,0,0,0,60,0,120,0,180,0,0,0,0,0,60,0,0,0,0,30,0,30,0,0,0,1,0,0,0,0,0,0,1,0,0,0,0,0,1,3,0,Non,Oui, ,
2018/02/21 5:28:34 PM UTC+1,0,0,0,0,15,30,15,0,15,15,15,15,0,0,0,0,0,0,0,30,0,0,0,1,0,0,0,0,0,0,0,0,0,0,0,0,30,30,0,30,30,0,0,30,30,30,30,0,0,0,0,0,0,0,15,0,0,0,1,0,0,1,0,0,0,0,0,0,0,0,1,0,0,Non,Oui, ,
2018/02/21 5:29:54 PM UTC+1,0,0,0,0,60,0,0,0,0,0,0,180,120,0,0,0,0,0,15,0,0,0,0,0,0,1,0,0,0,0,0,0,0,0,0,0,0,0,120,60,0,0,0,60,120,120,120,120,0,0,0,15,0,15,0,0,0,0,1,0,1,0,0,0,0,0,0,0,0,0,0,0,0,Ne se prononce pas,Oui, ,
2018/02/21 5:33:03 PM UTC+1,0,0,0,0,30,120,0,0,0,0,120,120,120,0,0,0,0,0,15,0,0,2,0,0,1,0,0,0,0,0,0,0,1,0,0,0,0,60,0,120,120,0,0,0,60,120,120,0,0,0,0,30,0,30,0,0,2,1,0,1,1,0,0,0,1,0,0,0,0,0,1,0,0,Non,Non, ,
2018/02/21 5:33:24 PM UTC+1,0,0,0,0,0,0,0,0,0,15,0,30,30,0,0,0,0,0,30,0,0,0,0,0,0,1,0,0,0,0,0,0,0,0,0,0,0,0,0,0,0,0,0,0,0,60,0,60,0,0,0,30,0,30,0,0,0,1,0,0,0,0,0,0,0,0,0,0,0,0,5,0,0,Non,Oui, ,
2018/02/21 5:34:17 PM UTC+1,0,0,0,0,120,120,0,0,180,180,180,60,30,0,0,0,0,0,30,0,0,3,1,2,0,0,0,0,0,0,0,0,0,0,0,0,0,30,0,180,120,0,0,30,30,0,0,0,0,0,0,0,0,30,0,0,1,2,1,0,0,0,0,0,0,0,0,0,0,0,1,1,0,Non,Non, ,
2018/02/21 5:36:58 PM UTC+1,0,0,0,0,60,30,0,60,180,180,180,180,180,60,0,0,0,0,60,0,0,1,1,1,0,1,0,0,0,0,0,0,0,1,0,0,0,0,0,120,120,0,0,180,180,180,180,180,0,0,30,0,0,60,0,0,1,0,2,0,1,0,0,0,0,0,0,0,1,0,3,2,0,Non,Oui, ,
2018/02/21 5:37:11 PM UTC+1,30,0,0,0,60,60,0,0,60,60,60,0,60,0,0,0,0,0,15,0,0,2,1,1,0,0,0,0,2,0,0,0,0,0,0,0,0,0,0,0,0,0,0,0,0,0,0,0,0,0,0,0,0,0,0,0,0,0,0,0,0,0,0,0,0,0,0,0,0,0,2,0,0,Non,Oui, ,
2018/02/21 5:41:42 PM UTC+1,0,0,0,0,120,180,0,60,180,120,180,60,0,0,0,0,0,0,60,0,0,2,1,0,1,0,0,0,0,0,0,0,0,0,0,0,180,180,180,180,180,0,0,120,60,0,0,0,0,0,0,60,0,60,0,0,2,0,2,0,2,0,0,0,0,0,0,0,0,0,0,0,0,Non,Oui, ,
2018/02/21 5:44:29 PM UTC+1,0,0,0,0,0,0,0,0,120,120,120,30,120,0,0,0,0,0,0,0,0,0,0,0,0,1,0,0,0,0,0,0,1,0,0,0,0,0,0,0,0,0,0,120,120,120,120,120,0,0,0,0,0,0,0,0,0,0,0,0,1,0,0,0,0,0,0,1,0,0,2,3,0,Non,Non, ,
2018/02/21 5:47:04 PM UTC+1,0,0,0,0,60,120,0,0,30,180,180,30,0,0,0,0,0,0,15,0,0,0,0,0,0,0,0,0,0,0,0,0,0,0,0,0,0,0,30,60,120,0,0,30,0,0,30,0,0,0,15,0,0,15,0,0,0,1,0,0,0,0,0,0,1,0,0,0,0,0,1,0,1,Non,Non, ,
2018/02/21 5:50:44 PM UTC+1,0,0,0,0,120,0,0,0,0,0,0,0,0,0,0,0,0,0,15,0,0,2,0,0,0,1,0,0,0,0,0,0,0,0,0,0,30,60,0,0,0,0,0,0,0,0,0,0,0,0,0,30,0,30,0,0,0,2,0,0,1,0,0,0,0,0,0,0,0,0,1,0,0,Non,Non, ,
2018/02/21 5:53:05 PM UTC+1,0,0,0,60,180,120,0,0,0,0,120,120,120,0,0,0,0,0,30,0,0,0,0,0,0,0,0,0,0,0,0,0,0,0,0,0,120,0,120,180,180,0,0,120,60,120,120,60,0,0,0,30,0,30,0,0,0,0,0,0,0,0,0,0,0,0,0,0,0,0,1,2,0,Non,Non, ,
2018/02/21 5:55:48 PM UTC+1,0,0,0,0,30,0,0,30,30,30,30,180,120,30,0,0,0,0,30,0,0,1,0,0,0,2,0,0,0,0,0,0,0,0,0,0,30,30,30,60,0,0,0,60,60,60,120,120,60,0,0,0,0,30,0,0,2,2,0,0,2,0,0,0,0,0,0,1,0,0,2,0,0,Non,Non, ,
2018/02/21 6:06:25 PM UTC+1,0,0,0,0,0,0,0,0,0,0,15,180,120,0,0,0,0,0,60,0,0,1,0,0,0,0,0,0,0,0,0,0,0,0,0,0,0,0,0,0,0,0,0,120,120,120,120,120,0,0,0,60,0,60,0,0,0,1,0,0,1,0,0,0,0,0,0,0,0,0,1,0,1,Non,Non, ,
2018/02/21 6:08:45 PM UTC+1,0,0,0,0,0,0,0,60,60,60,60,60,60,60,0,0,30,30,0,0,0,1,1,0,0,0,0,0,0,0,0,0,1,0,0,0,0,0,0,0,0,0,0,0,0,0,0,0,0,0,0,0,0,0,0,0,0,0,0,0,0,0,0,0,0,0,0,0,0,0,1,0,0,Non,Non, ,
2018/02/21 6:12:40 PM UTC+1,0,0,0,15,15,30,0,0,0,0,15,15,30,0,0,15,0,0,30,15,0,1,0,0,2,4,1,0,0,0,0,0,0,0,0,0,0,15,30,30,15,0,0,0,0,60,30,30,30,0,0,30,0,30,15,0,2,2,1,2,1,1,1,0,0,0,0,0,0,0,1,1,1,Oui,Ne se prononce pas,,
2018/02/21 6:14:45 PM UTC+1,0,0,0,0,30,0,0,0,0,0,0,0,15,0,0,0,0,0,15,0,0,1,0,0,0,1,0,0,0,0,0,0,0,0,0,0,0,0,30,30,0,0,0,0,0,0,0,0,0,0,0,15,0,15,0,0,1,0,1,0,1,0,0,0,0,0,0,0,0,0,1,0,0,Non,Non, ,
2018/02/21 6:19:36 PM UTC+1,0,0,0,0,0,60,0,0,120,0,0,120,120,30,0,0,0,0,30,0,0,2,0,0,0,0,2,0,0,0,0,0,0,0,0,0,0,60,0,60,0,0,0,120,120,120,120,120,30,0,30,0,0,30,0,0,0,2,0,0,0,2,0,0,0,0,0,0,0,0,1,1,0,Oui,Non, ,
2018/02/21 6:27:17 PM UTC+1,0,0,0,0,0,0,0,0,0,0,0,180,180,0,0,0,0,0,0,0,0,0,0,0,0,1,0,0,0,0,0,0,0,0,0,0,0,0,0,0,0,0,0,180,0,180,180,180,0,0,0,0,0,30,0,0,0,0,0,0,1,0,0,0,0,0,0,0,0,0,6,2,0,Non,Oui, ,
2018/02/21 6:27:41 PM UTC+1,0,0,0,0,0,0,0,0,120,120,180,180,120,0,0,0,0,0,60,0,0,0,1,0,0,0,2,0,0,0,0,0,0,0,0,0,0,0,0,0,0,0,0,0,60,60,180,60,0,0,0,30,0,60,0,0,0,0,0,0,0,2,0,0,0,0,0,0,0,0,1,0,0,Non,Oui, ,
2018/02/21 6:28:38 PM UTC+1,0,0,0,0,30,120,0,0,0,0,0,120,120,0,0,0,0,0,60,0,0,1,0,0,0,1,0,0,0,0,0,0,0,0,0,0,30,0,120,60,120,0,0,120,60,120,120,120,0,0,30,30,0,60,15,0,0,1,0,0,1,0,0,0,0,0,0,0,0,0,2,0,0,Oui,Oui, ,
2018/02/21 6:33:26 PM UTC+1,0,0,0,0,15,0,0,60,180,180,180,120,120,0,0,0,0,0,0,0,0,1,0,1,0,1,0,0,1,0,0,0,0,0,0,0,0,30,15,30,0,0,0,60,60,60,60,60,0,15,0,15,0,0,15,0,0,1,1,0,0,1,0,0,1,0,0,0,0,0,3,3,3,Non,Oui, ,
2018/02/21 6:34:16 PM UTC+1,0,0,0,60,180,180,15,0,60,60,60,15,15,15,0,0,0,0,30,0,0,0,0,0,0,1,1,0,0,0,0,0,0,0,0,0,30,60,120,120,120,0,0,0,0,30,30,0,0,0,0,30,0,30,0,0,0,1,1,0,1,0,0,0,0,0,0,0,0,0,1,0,0,Non,Non, ,
2018/02/21 6:36:35 PM UTC+1,0,0,0,60,180,120,0,0,180,180,180,180,180,0,0,0,0,0,120,0,0,1,0,0,0,3,1,0,0,0,0,0,0,0,0,0,0,0,0,180,180,0,0,120,120,180,180,180,0,0,30,30,0,60,0,0,0,2,2,0,0,0,0,0,0,0,0,0,0,0,3,0,0,Non,Non, ,
2018/02/21 6:38:41 PM UTC+1,0,0,0,0,0,120,0,15,0,0,0,60,180,0,0,0,0,0,15,0,0,1,0,0,0,1,0,0,0,0,0,0,0,0,0,0,30,0,0,60,180,0,15,60,0,120,120,120,0,0,0,0,0,15,0,0,1,0,0,0,1,0,0,0,0,0,0,0,0,0,2,0,0,Non,Non, ,
2018/02/21 6:38:54 PM UTC+1,0,0,0,0,0,0,0,0,60,0,60,60,60,0,0,0,0,0,0,0,0,2,0,0,0,2,0,0,0,0,0,0,0,0,0,0,0,0,0,0,0,0,0,60,60,60,60,60,0,0,0,60,0,60,0,0,2,0,0,0,2,0,0,0,0,0,0,0,0,0,3,2,3,Non,Oui, ,
2018/02/21 6:42:47 PM UTC+1,0,0,0,0,120,120,0,0,0,0,0,0,30,0,0,0,0,0,30,0,0,0,0,0,0,1,0,0,0,0,0,0,1,0,0,0,0,180,120,0,180,0,0,0,0,180,180,180,0,0,0,15,0,60,0,0,1,0,0,1,0,0,0,0,0,0,0,1,0,0,1,0,0,Non,Ne se prononce pas, ,
2018/02/21 6:43:53 PM UTC+1,0,0,0,0,180,180,0,0,0,0,0,60,60,0,0,0,0,0,30,0,0,1,0,0,0,1,0,0,0,0,0,0,0,0,0,0,0,180,180,180,180,0,0,0,60,60,60,60,0,0,30,0,0,30,0,0,0,1,0,0,1,0,0,0,0,0,0,0,0,0,2,4,2,Non,Non, ,
2018/02/21 6:52:55 PM UTC+1,0,0,0,0,30,0,0,60,180,120,60,120,120,0,0,0,0,0,60,0,0,1,0,1,0,1,0,0,0,0,0,0,0,0,0,0,0,0,0,120,0,0,0,60,0,180,0,0,0,0,60,0,0,30,0,0,1,0,1,1,1,0,0,0,0,0,0,0,1,0,1,0,1,Non,Non, ,
2018/02/21 6:55:10 PM UTC+1,0,0,0,0,0,0,0,0,180,180,180,120,0,0,0,0,0,0,60,0,0,2,0,0,0,1,0,0,0,0,0,0,0,0,0,0,0,0,0,0,0,0,0,0,60,120,120,0,0,0,0,60,0,60,0,0,2,1,0,0,1,0,0,0,0,0,0,0,0,0,1,0,0,Non,Non, ,
2018/02/21 6:55:37 PM UTC+1,0,0,30,0,30,60,0,0,0,0,0,30,30,0,0,0,0,0,15,0,0,1,0,0,0,1,0,0,0,0,0,0,0,1,0,0,0,60,0,0,60,0,0,30,0,60,0,120,0,0,15,0,0,0,15,0,0,1,0,0,0,1,0,0,0,0,0,0,1,0,2,2,0,Oui,Oui, ,
2018/02/21 6:58:15 PM UTC+1,0,0,0,0,30,15,0,0,0,0,0,0,30,0,0,0,0,0,15,0,0,1,0,0,0,0,3,0,1,0,0,0,0,0,0,0,60,0,60,0,0,0,0,0,0,0,120,0,0,0,0,60,0,0,0,0,0,2,0,4,0,0,0,0,1,0,0,0,0,0,1,0,0,Non,Non, ,
2018/02/21 6:59:03 PM UTC+1,0,0,0,0,30,60,0,0,0,0,0,120,60,0,0,0,0,0,30,0,0,2,0,1,0,2,0,0,0,0,0,0,0,0,0,0,120,120,120,120,120,0,0,0,60,60,60,120,0,0,0,30,30,30,0,0,0,2,2,1,1,0,0,0,0,0,0,0,0,0,1,0,0,Non,Non," Pas facile de r√©pondre sur l'utilisation de l'ordinateur en jour travaill√©, quand on travaille dans un bureau... mais pas sur notre PC perso",
2018/02/21 7:00:58 PM UTC+1,0,0,0,0,0,0,0,15,0,0,15,30,30,15,0,0,15,0,15,15,0,1,0,1,0,1,0,0,0,0,0,0,1,0,0,0,0,0,0,0,0,0,0,0,0,0,0,0,0,0,0,0,0,0,0,0,0,0,0,0,0,0,0,0,0,0,0,0,0,0,1,1,1,Non,Oui, ,
2018/02/21 7:02:47 PM UTC+1,0,0,0,0,60,120,0,0,0,0,30,60,0,0,0,0,15,0,60,0,0,0,0,0,0,1,0,0,0,0,0,0,0,0,0,0,0,120,0,180,120,0,0,0,0,60,0,0,0,0,60,0,0,30,0,0,0,0,0,0,0,0,0,0,0,0,0,0,0,0,0,0,0,Non,Oui, ,
2018/02/21 7:03:23 PM UTC+1,15,0,30,0,0,180,0,15,120,30,180,120,30,30,0,0,30,0,15,0,0,1,0,0,0,1,0,0,0,0,0,0,0,0,0,0,15,30,60,60,180,0,0,120,120,30,180,180,0,0,0,30,0,0,15,0,0,1,0,0,0,1,0,0,0,0,0,0,0,0,1,0,0,Non,Non, ,
2018/02/21 7:08:52 PM UTC+1,0,0,0,0,180,60,0,0,0,0,0,0,0,0,0,0,0,0,60,0,0,1,0,0,0,1,0,0,1,0,0,0,0,0,0,60,0,60,120,120,120,0,0,0,60,60,0,0,0,0,0,30,0,30,0,0,1,0,1,0,1,0,0,1,0,0,0,0,0,0,1,0,0,Non,Non, ,
2018/02/21 7:18:02 PM UTC+1,0,0,0,0,120,60,0,0,0,0,30,60,15,0,15,0,0,0,15,0,0,0,0,0,0,1,0,0,0,0,0,0,0,0,0,0,0,0,0,120,60,0,0,0,0,0,60,15,0,15,0,0,0,15,0,0,0,0,0,0,1,0,0,0,0,0,0,0,0,0,1,0,0,Non,Non, ,
2018/02/21 7:19:19 PM UTC+1,30,0,0,0,30,60,0,0,0,0,0,60,120,0,0,0,0,0,0,0,0,2,0,0,0,0,1,0,0,0,0,0,0,0,0,0,60,60,0,60,180,0,0,0,0,0,0,180,0,0,0,0,0,0,0,0,0,2,0,0,0,2,0,0,0,0,0,0,0,0,4,6,0,Non,Non, Izi money izi life oui tu nous connais frais izi nice,
2018/02/21 7:24:04 PM UTC+1,0,0,0,0,30,120,0,0,0,0,0,120,120,0,0,0,0,0,60,0,0,0,0,0,0,0,2,0,1,0,0,0,0,1,0,0,0,60,60,60,120,0,0,0,0,60,60,180,0,0,0,60,0,0,60,0,0,1,1,1,1,1,0,0,1,0,0,0,1,0,3,0,0,Non,Non," Vous ne parlez pas du tout du temps de recharge des objets connect√©s  (t√©l√©phones, enceintes ...). Consommation n√©gligeable ?",
2018/02/21 7:24:06 PM UTC+1,15,0,0,0,60,60,0,0,0,0,0,0,30,0,0,0,0,0,30,0,0,1,0,1,0,0,0,0,0,0,0,0,0,0,0,0,0,0,30,0,120,0,0,0,0,30,0,30,0,0,0,30,0,30,0,0,0,1,0,0,0,0,0,0,0,0,0,0,0,0,1,2,0,Non,Non, ,
2018/02/21 7:36:15 PM UTC+1,0,0,0,0,0,0,0,0,0,0,0,180,120,0,0,0,0,0,60,0,0,1,0,0,0,0,1,0,0,0,0,0,0,0,0,0,0,0,0,0,0,0,60,60,60,60,120,120,120,0,0,60,0,60,0,0,2,0,0,1,0,1,0,0,0,0,0,0,0,0,1,0,0,Non,Non, ,
2018/02/21 7:39:46 PM UTC+1,0,0,0,0,0,0,0,0,0,0,0,30,30,0,0,0,0,0,0,0,0,0,0,0,0,1,0,0,0,0,0,0,0,0,0,0,0,0,0,0,0,0,0,0,0,0,30,30,0,0,0,0,0,0,0,0,0,0,0,0,1,0,0,0,0,0,0,0,0,0,1,0,0,Non,Oui, ,
2018/02/21 7:43:33 PM UTC+1,0,60,60,60,180,180,0,0,120,120,120,120,120,0,0,15,0,0,15,0,0,1,0,1,0,1,0,0,0,0,0,0,0,0,0,0,60,0,60,180,180,0,0,120,120,120,120,0,0,0,0,15,0,15,0,0,1,0,1,0,1,0,0,0,0,0,0,0,0,0,3,7,0,Oui,Non, ,
2018/02/21 7:49:24 PM UTC+1,0,0,0,0,60,60,0,0,180,180,180,0,0,0,0,0,0,0,30,0,0,1,0,0,0,1,0,0,0,0,0,0,0,0,0,0,0,30,0,60,60,0,0,15,0,30,0,0,0,0,30,0,0,30,0,0,1,1,0,0,1,0,0,1,0,0,0,0,0,0,1,1,1,Non,Non, Je n'ai pas compris si vos questions portaient uniquement sur les*60abitudes dans notre foyer ou aussi au travail ? Je fais notamment r√©f√©rence √† l'utilisation de l'ordi pdt les jours travaill√©s.,
2018/02/21 7:49:30 PM UTC+1,0,0,0,15,30,0,0,0,0,0,60,120,0,0,0,0,0,0,0,0,0,1,0,0,0,1,0,0,0,0,0,0,0,0,0,30,0,0,30,0,0,30,0,15,120,60,180,15,0,0,0,0,0,0,0,0,1,0,1,0,1,0,0,0,0,0,0,0,0,0,1,0,0,Non,Oui, ,
2018/02/21 7:57:13 PM UTC+1,0,0,30,0,120,60,0,0,0,0,0,30,0,0,0,0,30,0,30,0,0,2,0,1,0,2,0,0,0,0,0,0,0,0,0,0,0,60,60,120,120,0,0,30,0,0,0,30,0,0,30,0,0,30,0,0,2,0,0,0,2,0,0,0,0,0,0,0,0,0,4,3,0,Non,Non, Bien jou√© les gars !,
2018/02/21 7:57:26 PM UTC+1,60,0,0,0,120,180,60,30,0,0,0,0,30,0,0,0,0,0,30,0,0,1,0,0,0,1,0,0,1,0,0,0,0,0,0,0,180,180,180,180,180,60,0,15,15,15,15,15,0,0,0,60,0,60,0,0,0,1,1,0,1,0,0,0,1,0,0,0,0,0,3,0,0,Non,Non, ,
2018/02/21 7:58:48 PM UTC+1,0,0,0,0,15,0,0,30,60,30,60,60,180,0,0,0,0,0,0,30,0,1,0,0,0,0,0,0,0,0,0,0,0,0,0,0,0,0,0,15,0,0,0,0,0,60,120,120,0,0,0,30,0,30,0,0,1,0,0,0,1,0,0,0,0,0,0,0,0,0,2,2,0,Non,Non, ,
2018/02/21 8:03:32 PM UTC+1,0,0,0,0,30,120,0,0,60,60,60,60,60,0,0,0,0,0,30,0,0,1,0,0,0,1,0,0,0,0,0,0,0,0,0,0,120,120,120,120,120,0,0,60,60,60,60,60,0,0,0,30,0,30,0,0,0,1,1,0,1,0,0,0,0,0,0,0,0,0,1,0,0,Non,Non, ,
2018/02/21 8:05:51 PM UTC+1,0,0,0,0,0,0,0,120,180,180,180,180,180,0,0,0,30,0,0,0,0,0,0,0,0,1,0,0,0,0,0,0,0,0,0,0,0,0,0,0,0,0,180,180,60,30,0,180,0,0,0,0,0,0,0,0,0,0,0,0,0,1,0,0,0,0,0,0,0,0,1,0,0,Non,Oui, ,
2018/02/21 8:06:34 PM UTC+1,0,60,0,0,120,60,0,0,0,0,0,120,120,0,0,0,0,0,30,0,0,2,0,0,1,0,0,0,0,1,0,0,0,0,0,0,60,120,120,120,120,0,0,60,120,120,120,120,0,0,0,30,0,30,0,0,0,2,0,1,0,0,0,0,1,0,0,0,0,0,4,5,4,Non,Non, ,
2018/02/21 8:17:45 PM UTC+1,30,0,0,0,0,0,0,30,0,0,0,0,0,0,0,30,0,0,0,0,0,1,0,0,0,0,0,0,0,2,0,0,0,0,0,30,0,0,0,0,30,0,0,0,0,0,0,30,0,0,30,0,0,0,0,0,1,0,0,0,0,0,0,0,0,0,0,0,0,0,3,2,0,Non,Oui, ,
2018/02/21 8:24:47 PM UTC+1,0,0,0,15,180,120,0,0,0,0,0,30,0,0,0,0,0,0,30,0,0,1,0,0,0,0,0,0,1,0,0,0,1,0,0,0,60,60,60,60,120,0,0,0,60,0,0,0,0,0,30,0,15,30,0,0,1,1,0,0,0,0,0,0,1,0,0,1,0,0,2,2,0,Non,Non, ,
2018/02/21 8:31:42 PM UTC+1,0,0,0,0,0,0,0,120,180,120,180,120,120,0,0,15,0,0,15,0,0,0,0,1,0,1,0,0,1,0,0,0,0,0,0,0,0,0,0,0,0,0,120,180,180,120,120,120,0,0,0,15,0,15,0,0,0,0,1,0,1,0,0,0,0,0,0,1,0,0,1,0,0,Non,Oui, ,
2018/02/21 8:37:18 PM UTC+1,0,0,0,0,0,120,0,0,0,0,0,0,30,0,0,15,0,0,15,0,0,1,1,0,0,1,1,0,0,0,0,0,0,0,0,0,0,0,0,0,120,0,0,0,0,0,0,30,0,15,15,0,0,15,0,0,0,1,1,0,1,1,0,0,0,0,0,0,0,0,1,1,1,Ne se prononce pas,Ne se prononce pas, ,
2018/02/21 8:48:51 PM UTC+1,0,0,0,0,0,120,0,0,180,120,120,0,0,0,0,0,0,0,15,0,0,1,0,0,0,1,0,0,1,0,0,0,0,0,0,0,60,60,120,0,0,0,0,0,0,60,0,0,0,0,0,15,0,15,0,0,0,0,0,0,1,0,0,0,0,0,0,0,0,0,0,0,0,Non,Non, ,
2018/02/21 9:08:44 PM UTC+1,0,0,0,0,60,0,0,15,0,0,0,60,180,0,0,0,0,0,30,0,0,0,0,0,0,1,0,0,0,0,0,0,0,0,0,0,60,0,60,0,0,0,0,60,0,120,0,180,60,0,0,30,0,30,0,0,1,0,0,0,1,0,0,0,0,0,0,0,0,0,0,0,0,Non,Non,,
2018/02/21 9:09:18 PM UTC+1,120,120,120,120,120,0,0,180,180,180,180,180,180,180,0,0,15,15,15,15,0,0,0,0,0,0,0,0,0,0,1,0,0,1,0,0,0,0,0,0,0,0,0,30,0,30,30,0,0,0,0,0,0,0,0,0,0,0,1,0,1,0,0,0,1,0,0,0,1,0,1,0,0,Non,Non, ,
2018/02/21 9:21:20 PM UTC+1,0,0,0,0,0,0,0,0,0,0,0,120,180,0,0,0,0,0,30,0,0,1,0,0,0,0,0,0,0,0,0,0,0,0,0,0,0,0,0,0,0,0,0,180,120,120,180,180,0,0,0,30,0,30,0,0,1,0,0,0,0,0,0,0,0,0,0,0,0,0,0,0,0,Non,Non, ,
2018/02/21 9:25:18 PM UTC+1,0,0,60,0,120,120,0,30,120,120,120,120,0,0,0,0,0,0,0,0,0,1,1,0,0,0,0,0,1,0,0,0,0,0,0,0,120,120,120,120,0,0,0,120,120,120,60,0,0,0,0,0,0,0,0,0,0,1,0,0,0,0,0,0,1,0,0,0,0,0,2,1,0,Non,Ne se prononce pas, ,
2018/02/21 9:27:16 PM UTC+1,0,0,0,0,0,0,0,0,0,0,0,60,60,60,0,0,0,0,15,0,0,1,0,0,0,2,0,0,0,0,0,0,0,0,0,0,0,0,0,0,0,0,0,0,60,60,120,120,60,0,0,30,0,30,0,0,0,1,0,1,1,0,0,0,0,0,0,0,0,0,1,2,0,Non,Non, ,
2018/02/21 9:39:31 PM UTC+1,0,0,0,0,30,30,0,0,0,0,0,15,0,0,0,0,0,0,30,0,0,0,0,0,0,0,0,0,1,0,0,0,0,0,0,0,0,0,0,30,30,0,0,0,0,30,0,30,0,0,0,30,0,30,0,0,0,0,0,0,0,0,0,0,1,0,0,0,0,0,2,2,0,Non,Non, ,
2018/02/21 9:40:31 PM UTC+1,0,0,0,0,0,0,0,30,0,0,0,30,30,0,0,0,0,0,30,0,0,1,0,0,0,1,0,0,0,0,0,0,1,0,0,0,0,0,0,0,0,0,15,30,30,30,30,30,0,0,0,30,30,0,0,0,0,1,0,1,0,0,0,0,0,0,0,1,0,0,2,2,1,Oui,Non, ,
2018/02/21 9:45:39 PM UTC+1,0,0,0,0,180,120,0,0,0,60,60,60,60,0,0,0,0,0,60,0,0,1,0,0,0,1,1,0,0,0,0,0,0,0,0,60,0,0,0,60,60,0,0,30,60,60,60,0,0,0,0,60,0,60,60,0,0,2,2,2,2,2,0,0,0,0,0,0,0,0,3,7,3,Non,Oui, ,
2018/02/21 9:46:34 PM UTC+1,0,0,0,0,0,0,0,15,120,60,60,180,60,0,0,0,0,0,30,0,0,2,2,0,0,2,0,0,0,0,0,0,2,0,0,0,0,0,0,0,0,0,30,60,60,60,120,60,0,15,15,60,0,60,30,0,2,0,2,1,2,0,0,1,2,0,0,0,0,0,1,0,0,Non,Oui, ,
2018/02/21 9:55:52 PM UTC+1,0,0,0,0,0,0,0,0,0,0,0,60,120,0,0,0,0,0,30,0,0,1,0,1,0,1,0,0,1,0,0,0,0,0,0,0,0,0,0,0,0,0,0,120,30,120,120,120,0,0,0,30,0,30,0,0,0,1,0,0,0,0,0,0,0,0,0,0,0,0,3,4,3,Non,Non, ,
2018/02/21 9:59:29 PM UTC+1,0,0,30,0,60,30,0,0,0,0,0,60,60,0,0,0,15,0,15,0,0,1,0,1,0,0,1,0,0,0,0,0,0,0,0,0,60,0,0,60,120,0,0,0,0,0,60,120,0,0,0,0,0,0,0,0,0,1,1,0,1,0,0,0,0,0,0,0,0,0,2,2,2,Non,Non, ,
2018/02/21 10:00:10 PM UTC+1,0,0,0,0,0,120,0,60,180,120,180,0,0,0,0,0,0,0,30,0,0,0,0,0,0,1,1,0,0,0,0,0,1,0,0,0,15,30,0,60,60,0,0,0,0,0,30,0,0,0,0,30,0,30,0,0,1,2,2,1,1,1,0,0,0,0,0,1,0,0,2,3,0,Oui,Non, ,
2018/02/21 10:11:00 PM UTC+1,0,0,30,0,30,60,0,0,30,15,30,60,30,0,0,0,15,0,30,0,0,0,0,1,1,1,0,0,0,0,0,0,1,0,0,0,0,0,0,120,0,0,0,30,30,30,30,60,0,0,0,15,0,15,0,0,0,0,1,0,1,0,0,0,0,0,0,1,0,0,1,3,0,Non,Non, ,
2018/02/21 10:19:39 PM UTC+1,0,0,0,0,0,60,0,60,180,120,180,60,120,0,0,0,0,0,30,0,0,1,0,1,0,1,0,0,0,0,0,0,0,0,0,0,0,0,0,0,0,0,0,30,30,0,60,120,0,0,0,0,0,60,0,0,0,0,1,0,1,0,0,0,1,0,0,0,0,0,2,3,0,Non,Oui, ,
2018/02/21 10:31:45 PM UTC+1,30,0,0,0,120,120,0,0,120,120,120,30,30,0,0,0,0,0,0,0,0,4,0,0,0,4,0,0,0,0,0,0,4,0,0,60,60,120,60,120,120,0,0,30,0,60,0,60,0,0,0,0,0,0,0,0,4,0,0,0,4,0,0,0,0,0,0,4,0,0,7,7,7,Non,Non, ,
2018/02/21 10:32:42 PM UTC+1,0,0,0,0,0,0,0,15,30,30,15,30,15,0,15,0,0,0,30,0,0,1,0,1,0,0,0,0,1,0,0,0,1,0,0,0,0,0,0,0,0,0,0,30,30,30,30,30,0,15,0,30,0,30,0,0,0,1,1,0,1,0,0,0,1,0,0,1,0,0,1,0,0,Non,Non, ,
2018/02/21 10:38:44 PM UTC+1,0,0,0,0,0,0,0,0,0,0,60,120,180,180,0,0,30,0,0,30,0,0,0,0,0,0,2,0,0,0,0,0,0,0,0,0,0,0,0,0,0,0,0,0,0,0,0,0,0,0,0,0,0,0,0,0,0,0,0,0,0,0,0,0,0,0,0,0,0,0,1,0,0,Non,Oui, ,
2018/02/21 10:41:55 PM UTC+1,0,0,0,0,30,30,0,30,30,30,30,0,0,0,15,15,0,0,15,0,0,1,0,0,0,1,0,0,0,0,0,0,0,0,0,0,15,0,30,30,30,0,0,30,30,30,30,30,0,0,30,0,0,30,0,0,2,2,0,2,2,0,0,0,0,0,0,0,0,0,2,2,2,Non,Non, ,
2018/02/21 10:44:43 PM UTC+1,0,0,0,0,120,60,0,0,0,0,0,120,60,0,0,0,0,0,30,0,0,1,0,0,0,3,1,0,1,0,0,0,0,0,0,0,60,60,0,120,120,0,0,0,0,0,180,60,0,0,0,60,0,120,0,0,0,2,1,0,2,1,0,0,0,0,0,0,0,0,1,0,0,Non,Oui, ,
2018/02/21 10:50:51 PM UTC+1,0,0,30,0,60,60,0,0,0,15,0,30,0,0,0,0,15,0,15,0,0,1,0,1,0,1,0,0,1,0,0,0,1,0,0,0,60,0,60,60,60,0,0,15,0,30,0,0,0,0,0,15,0,15,0,0,0,1,1,0,1,0,0,0,1,0,0,1,0,0,3,0,0,Non,Non, ,
2018/02/21 10:51:19 PM UTC+1,0,0,0,0,30,60,0,0,0,60,0,0,180,0,0,0,60,0,60,0,0,0,2,0,2,0,0,0,1,0,0,0,0,0,0,0,0,0,120,0,120,0,0,0,0,120,0,120,0,0,0,60,0,60,0,0,1,0,0,0,0,0,0,0,0,0,0,0,0,0,7,0,0,Non,Oui, ,
2018/02/21 10:56:09 PM UTC+1,0,0,0,0,60,0,0,0,0,0,0,0,120,0,0,0,0,0,30,0,0,0,0,0,0,1,0,0,0,0,0,0,1,0,0,0,60,60,60,60,60,0,0,0,0,0,120,120,0,0,0,30,0,30,0,0,2,2,0,2,0,0,0,0,1,0,1,0,0,0,3,4,0,Non,Oui, ,
2018/02/21 10:57:53 PM UTC+1,0,0,0,0,0,0,0,0,0,0,0,180,180,0,0,0,0,0,0,30,0,0,0,0,0,0,0,0,0,0,0,0,0,0,0,0,0,0,0,0,0,0,0,0,180,180,180,180,60,0,0,30,0,0,30,0,0,0,0,0,0,0,0,0,0,0,0,0,0,0,0,0,0,Non,Non, ,
2018/02/21 10:59:28 PM UTC+1,0,0,0,0,120,0,0,0,0,0,0,0,120,0,0,0,0,0,30,0,0,1,0,0,0,2,1,0,1,0,0,0,0,0,0,0,0,0,0,120,0,0,0,120,0,180,0,120,0,0,0,30,0,30,0,0,1,1,0,0,2,1,0,1,0,0,0,0,0,0,1,3,1,Non,Oui, ,
2018/02/21 11:19:01 PM UTC+1,0,0,0,0,15,30,0,0,0,0,0,60,120,0,0,0,0,0,30,0,0,2,0,0,0,2,0,0,0,0,0,0,0,0,0,0,30,0,0,30,60,0,0,180,30,30,180,180,0,0,15,0,0,30,0,0,2,1,0,2,2,0,0,0,0,0,0,0,0,0,1,0,0,Non,Ne se prononce pas, ,
2018/02/21 11:25:54 PM UTC+1,0,0,0,0,120,0,0,60,180,120,180,0,0,0,0,0,0,0,60,0,0,2,0,0,0,1,0,0,0,0,0,0,0,0,0,0,120,0,120,120,0,0,0,0,0,0,120,0,0,0,0,60,0,60,0,0,2,0,0,2,0,0,0,0,0,0,0,0,0,0,1,3,0,Non,Oui, ,
2018/02/21 11:42:40 PM UTC+1,0,0,0,0,60,60,0,0,180,0,180,30,0,0,0,0,0,0,30,0,0,1,0,0,0,1,0,0,0,0,0,0,0,0,0,0,0,0,120,120,120,0,0,0,0,180,0,120,0,0,0,0,0,30,0,0,0,0,1,0,1,0,0,0,0,0,0,0,0,0,0,0,0,Non,Non, ,
2018/02/22 12:04:50 AM UTC+1,0,0,0,0,0,0,0,0,0,0,0,60,60,0,0,0,0,0,30,0,0,2,0,0,0,2,0,0,0,0,0,0,0,0,0,0,0,0,0,60,120,0,0,0,0,60,0,0,0,0,0,30,0,30,0,0,0,0,0,2,0,0,0,0,0,0,0,0,0,0,3,0,0,Non,Non, ,
2018/02/22 12:18:21 AM UTC+1,0,0,0,0,60,120,0,0,0,60,60,120,120,0,0,0,0,0,30,0,0,0,0,0,0,1,0,0,0,0,0,0,0,0,0,0,60,120,15,15,0,0,0,0,120,120,120,0,0,0,0,15,0,15,0,0,0,0,0,0,1,0,0,0,0,0,0,0,0,0,1,0,0,Non,Non, ,
2018/02/22 12:22:18 AM UTC+1,0,0,0,0,120,120,0,0,180,180,180,120,0,0,0,0,0,0,30,0,0,1,0,1,0,2,0,0,1,0,0,0,0,0,0,0,60,60,0,180,180,0,0,0,120,0,120,180,0,0,0,30,0,30,0,0,1,0,0,0,0,2,0,1,0,0,0,0,0,0,1,0,0,Non,Non, ,
2018/02/22 12:40:13 AM UTC+1,60,0,0,0,0,0,0,0,180,180,180,120,60,0,0,0,0,0,0,0,0,1,0,0,0,1,0,0,0,0,0,0,1,0,0,0,0,0,0,0,0,0,0,60,120,180,120,60,0,0,0,15,0,0,0,0,0,1,0,0,0,0,0,0,0,0,0,1,0,0,0,0,0,Non,Oui, ,
2018/02/22 12:51:23 AM UTC+1,0,0,0,0,0,0,0,30,30,30,30,30,30,0,0,0,0,0,30,0,0,0,0,1,0,1,0,0,0,0,0,0,0,0,0,0,0,0,0,0,0,0,0,30,30,30,30,30,30,0,0,15,15,0,0,0,0,0,1,1,0,0,0,0,0,0,0,0,0,0,2,2,0,Non,Non, ,
2018/02/22 2:07:07 AM UTC+1,0,0,0,0,0,0,0,0,0,0,0,0,180,0,0,0,0,0,0,0,0,0,0,1,0,0,1,0,0,0,0,0,0,0,0,0,0,0,0,0,0,0,0,120,120,120,120,120,0,0,0,60,0,0,0,0,0,1,0,0,0,1,0,0,0,0,0,0,0,0,3,0,0,Non,Oui, ,
2018/02/22 6:12:48 AM UTC+1,0,0,0,0,120,120,0,0,0,0,0,120,120,0,0,0,0,0,30,0,0,1,0,0,0,1,0,0,0,0,0,0,0,0,0,0,120,60,0,120,120,0,30,180,120,120,180,180,0,15,0,30,0,30,0,0,1,0,1,0,1,0,0,0,0,0,0,0,0,0,1,0,1,Non,Oui, ,
2018/02/22 7:28:25 AM UTC+1,0,0,0,0,180,0,0,180,180,180,180,0,0,0,0,0,0,0,30,0,0,1,1,1,1,0,0,0,0,0,0,0,0,0,0,0,0,180,180,180,180,0,0,30,0,120,120,0,0,0,30,0,0,60,0,0,1,0,1,0,1,0,0,0,0,0,0,0,0,0,0,0,0,Non,Oui, ,
2018/02/22 8:07:55 AM UTC+1,0,0,0,0,0,0,0,0,0,0,60,180,60,0,0,0,30,0,30,0,0,0,0,0,0,1,0,0,0,0,0,0,0,0,0,0,0,0,0,0,0,0,0,60,120,120,120,120,0,0,0,30,0,30,0,0,0,0,1,0,1,0,0,0,0,0,0,0,0,0,2,0,0,Non,Non, ,
2018/02/22 8:39:51 AM UTC+1,0,0,0,0,0,0,0,30,30,30,30,0,30,0,15,0,0,0,15,0,0,1,0,2,0,2,0,0,0,0,0,0,0,0,0,0,0,0,0,0,0,0,30,30,0,0,30,30,0,15,0,15,0,15,0,0,1,0,1,0,0,0,0,0,0,0,0,0,0,0,1,0,0,Non,Non, ,
2018/02/22 8:55:45 AM UTC+1,0,0,0,0,0,0,0,0,0,0,0,0,120,0,15,0,0,0,30,0,0,0,0,0,0,1,0,0,0,0,0,0,0,0,0,0,0,0,0,0,0,0,0,0,0,0,60,120,0,15,0,30,0,0,30,0,0,0,0,0,0,1,0,0,0,0,0,0,0,0,0,0,0,Non,Oui, ,
2018/02/22 8:57:48 AM UTC+1,0,0,30,0,60,120,0,0,0,0,0,60,60,0,0,0,0,0,60,0,0,1,0,1,0,1,0,0,0,0,0,0,0,0,0,0,60,120,0,120,120,0,0,60,0,60,60,0,0,0,0,60,180,0,0,0,0,1,1,1,1,0,0,0,0,0,0,0,0,0,2,2,0,Non,Non, ,
2018/02/22 9:23:07 AM UTC+1,0,0,0,0,120,120,0,0,120,60,120,60,60,0,0,0,0,0,30,30,0,0,0,0,0,1,1,0,0,0,0,0,0,0,0,0,120,180,180,180,120,0,0,120,120,120,120,120,0,0,0,60,0,60,60,0,0,2,2,0,0,2,0,0,0,0,0,0,0,0,2,0,0,Non,Non, ,
2018/02/22 9:41:12 AM UTC+1,30,0,0,0,0,60,0,0,180,180,180,60,0,0,0,0,0,0,0,30,0,3,0,0,0,0,1,0,1,0,0,0,0,1,0,0,0,120,0,0,0,0,0,0,0,0,0,0,0,0,0,0,0,0,0,0,0,0,2,0,0,0,0,0,0,1,0,0,0,1,1,0,0,Non,Oui, ,
2018/02/22 10:34:40 AM UTC+1,0,0,0,0,0,120,0,0,0,0,30,120,120,0,0,0,0,0,0,0,0,0,0,0,0,2,0,0,0,0,0,0,0,0,0,0,0,0,30,60,120,60,0,0,0,0,120,120,120,0,0,0,0,0,0,0,0,0,0,0,2,2,0,0,0,0,0,0,0,0,4,0,0,Oui,Oui, ,
2018/02/22 10:37:24 AM UTC+1,0,0,0,0,60,0,0,0,0,0,60,60,60,0,0,0,0,0,30,0,0,2,0,0,0,1,0,0,0,0,0,0,0,0,0,0,0,30,0,30,60,0,0,30,0,60,60,60,0,0,0,30,0,30,0,0,0,2,0,0,0,0,0,0,0,0,0,0,0,0,2,0,0,Non,Non, ,
2018/02/22 10:39:38 AM UTC+1,15,0,30,180,180,180,0,60,120,0,120,180,180,0,0,30,0,0,60,0,0,0,1,0,0,1,0,0,0,0,0,0,0,0,0,60,120,120,120,120,120,0,120,120,120,120,120,120,120,0,30,0,0,60,60,0,1,0,1,0,1,0,0,0,0,0,0,0,0,0,2,2,0,Non,Oui, ,
2018/02/22 10:40:07 AM UTC+1,15,0,0,0,30,120,0,0,120,120,60,30,0,0,0,0,30,0,30,0,0,1,1,1,1,1,1,0,1,0,0,0,1,0,0,0,30,60,0,30,120,0,0,60,30,60,60,0,0,0,60,0,0,60,0,0,0,1,1,1,1,1,0,0,1,0,0,1,0,0,1,0,0,Non,Non, ,
2018/02/22 10:42:49 AM UTC+1,0,0,0,0,180,30,0,15,0,0,0,120,0,0,0,0,0,0,30,0,0,1,0,0,0,2,0,0,0,0,0,0,0,0,0,0,60,120,0,180,180,0,0,0,60,0,0,60,0,0,30,30,0,60,0,0,0,2,0,0,3,0,0,0,0,0,0,0,0,0,2,0,0,Non,Non, ,
2018/02/22 10:46:00 AM UTC+1,0,0,0,0,0,0,0,0,180,120,0,60,0,0,0,0,0,0,60,60,0,2,0,1,0,1,0,0,0,0,0,0,0,0,0,0,0,0,0,0,0,0,0,0,120,180,60,0,0,0,0,60,60,0,0,0,0,2,1,0,1,0,0,0,0,0,0,0,0,0,1,0,0,Non,Non, ,
2018/02/22 10:59:51 AM UTC+1,0,0,0,0,0,120,0,0,180,180,180,0,0,0,0,0,0,0,60,0,0,1,1,1,1,0,0,0,0,0,0,0,0,0,0,0,0,0,0,120,120,0,0,0,0,0,0,0,0,0,0,60,0,60,0,0,0,2,0,0,0,0,0,0,0,0,0,0,0,0,3,0,0,Non,Non, ,
2018/02/22 11:14:16 AM UTC+1,0,0,0,0,15,15,15,0,30,30,30,30,30,0,0,0,0,0,30,0,0,2,1,1,0,2,1,0,0,0,0,0,0,0,0,0,0,0,0,15,30,0,0,0,0,0,30,30,15,0,0,0,0,30,30,0,0,1,0,1,2,1,0,0,0,0,0,0,0,0,1,2,0,Non,Non, ,
2018/02/22 11:31:19 AM UTC+1,0,0,0,0,0,0,0,0,60,180,180,180,180,0,0,0,30,0,30,0,0,0,0,1,0,1,0,0,0,0,0,0,0,0,0,0,0,0,0,0,0,0,0,60,120,180,180,180,0,0,0,0,0,15,0,0,0,0,1,0,0,0,0,0,0,0,0,0,0,0,1,0,0,Non,Non, ,
2018/02/22 11:34:15 AM UTC+1,0,0,0,0,0,0,0,0,60,60,60,60,0,0,0,0,0,0,30,0,0,0,0,0,0,1,0,0,0,0,0,0,0,2,0,0,0,0,0,30,0,0,0,0,0,60,60,0,0,0,0,0,0,0,0,0,0,0,0,2,0,0,0,0,0,0,0,0,0,0,0,0,0,Non,Non, ,
2018/02/22 12:08:08 PM UTC+1,0,0,0,0,0,0,0,0,180,180,180,30,30,0,0,0,0,0,30,0,0,0,1,1,0,0,1,0,0,0,0,0,0,0,0,0,0,0,0,0,0,0,0,180,180,180,180,120,0,0,0,15,0,0,30,0,0,1,2,1,1,1,0,0,0,0,0,0,0,0,2,0,0,Non,Non, ,
2018/02/22 12:33:17 PM UTC+1,0,0,0,60,60,120,0,120,120,60,120,180,180,0,0,0,0,0,30,0,0,2,0,0,0,0,0,0,0,0,0,0,0,0,0,0,60,120,120,60,120,0,0,180,180,180,180,180,0,0,0,0,30,0,30,0,0,1,0,0,0,0,0,0,0,0,0,0,0,0,1,0,1,Non,Oui, ,
2018/02/22 12:42:05 PM UTC+1,0,0,0,0,0,0,0,15,30,0,60,120,60,0,0,0,0,0,30,0,0,1,0,0,0,1,1,0,0,0,0,0,0,0,0,0,0,0,0,0,0,0,0,60,60,120,120,60,0,0,15,30,0,30,15,0,0,1,0,1,1,0,0,0,0,0,0,0,0,0,1,0,0,Non,Non, ,
2018/02/22 1:34:55 PM UTC+1,0,0,0,0,30,60,0,0,0,0,0,60,60,0,0,0,0,0,30,0,0,0,0,1,0,0,0,0,0,0,0,0,0,0,0,0,30,0,60,120,0,0,0,0,0,30,60,60,0,0,0,30,0,30,0,0,0,0,0,0,0,0,0,0,0,0,0,0,0,0,2,0,0,Non,Non, ,
2018/02/22 1:37:17 PM UTC+1,0,0,0,0,0,0,0,0,0,0,30,180,180,0,0,0,0,0,0,15,0,0,0,0,0,0,1,0,0,0,0,0,0,0,0,0,0,0,0,0,0,0,0,120,180,180,180,180,60,0,0,0,0,0,30,0,0,0,1,0,0,1,0,0,0,0,0,0,0,0,1,0,0,Non,Non, Bonjour les mains üôÇ,
2018/02/22 1:50:10 PM UTC+1,0,0,0,0,0,0,0,0,0,0,0,120,180,60,0,0,0,0,30,0,0,0,0,0,0,1,1,0,1,0,0,0,0,0,0,0,0,0,0,0,0,0,0,180,180,180,180,180,120,0,0,30,0,30,0,0,0,1,1,0,1,0,0,0,1,0,0,0,0,0,2,0,0,Oui,Non, ,
2018/02/22 2:13:00 PM UTC+1,0,0,0,0,0,0,0,0,180,120,120,60,60,0,0,0,0,0,30,0,0,0,0,0,0,0,0,0,0,0,0,0,0,0,0,0,0,0,0,0,0,0,30,180,60,120,180,120,0,0,0,60,0,0,60,0,0,0,0,0,0,0,0,0,0,0,0,0,0,0,3,0,0,Ne se prononce pas,Ne se prononce pas, ,
2018/02/22 2:23:02 PM UTC+1,0,0,0,0,60,60,0,30,0,0,0,60,60,0,0,0,0,0,60,0,0,2,0,0,0,2,0,0,0,0,0,0,0,0,0,0,0,60,0,60,30,0,0,120,120,120,120,120,0,0,0,60,0,60,0,0,0,2,2,0,2,0,0,0,0,0,0,0,0,0,2,0,0,Non,Non, ,
2018/02/22 2:31:29 PM UTC+1,0,0,0,0,0,0,0,0,0,0,0,120,120,0,0,0,15,0,15,0,0,1,0,1,0,1,0,0,1,0,0,0,0,0,0,0,0,0,0,0,0,0,0,0,120,120,60,120,0,0,0,15,0,15,0,0,0,1,1,1,1,0,0,0,1,0,0,0,0,0,1,0,0,Non,Oui, ,
2018/02/22 2:38:39 PM UTC+1,0,0,0,0,120,120,0,0,0,0,0,60,0,0,0,0,0,0,30,0,0,0,0,0,0,1,1,0,0,0,0,0,0,0,0,0,0,120,120,120,120,0,0,60,0,60,0,30,0,0,0,30,0,30,0,0,0,1,1,0,0,0,0,0,0,0,0,0,0,0,4,6,2,Non,Oui, ,
2018/02/22 3:39:00 PM UTC+1,0,0,0,0,15,15,0,0,0,0,0,120,180,60,0,0,0,0,15,0,0,2,0,0,0,1,0,0,0,0,0,0,0,0,0,0,15,15,0,0,15,0,0,60,60,120,180,180,0,0,30,0,0,15,0,0,0,0,0,1,0,0,0,0,0,0,0,0,0,0,3,3,3,Oui,Non, ,
2018/02/22 4:24:59 PM UTC+1,0,0,0,0,120,0,0,0,0,0,0,0,0,0,0,0,0,0,0,120,0,1,0,0,0,1,0,0,0,0,0,0,1,0,0,0,0,60,0,0,0,0,0,0,0,120,120,120,0,0,0,0,0,15,0,0,0,1,0,0,1,0,0,0,0,0,0,0,0,0,1,0,0,Oui,Non, ,
2018/02/22 4:39:46 PM UTC+1,0,0,0,0,0,0,0,60,180,60,180,120,120,30,0,0,15,0,15,0,0,1,0,0,0,1,0,0,0,0,0,0,0,0,0,0,0,0,0,0,0,0,0,120,120,60,180,120,0,0,0,15,0,15,0,0,0,1,0,0,1,1,0,0,0,0,0,0,0,0,2,0,0,Non,Non, Les*60abitudes en jours non travaill√©s varient beaucoup selon les weekends... Et peut √™tre que pour les jours travailles il pourrait √™tre int√©ressant de distinguer le travail du divertissement sur ordinateur...,
2018/02/22 4:46:45 PM UTC+1,0,0,0,0,0,0,0,0,180,60,180,0,60,0,0,0,0,0,0,0,0,0,0,0,0,0,1,0,0,0,0,0,0,0,0,0,0,0,0,0,0,0,0,0,0,0,0,0,0,0,0,0,0,0,0,0,0,0,0,0,0,1,0,0,0,0,0,0,0,0,1,0,0,Non,Non, ,
2018/02/22 5:16:52 PM UTC+1,0,0,0,0,15,15,15,0,0,0,0,30,120,60,0,0,0,0,15,15,0,0,0,0,0,1,1,0,0,0,0,0,0,0,0,0,0,15,15,15,15,15,0,0,60,120,120,120,180,0,0,15,0,15,15,0,0,0,1,0,1,1,0,0,0,0,0,0,0,0,0,0,0,Non,Non, J'habite seul,
2018/02/22 5:28:04 PM UTC+1,0,0,0,0,0,0,0,0,0,0,60,120,180,30,0,0,0,0,30,0,0,2,0,0,0,0,0,0,0,0,0,0,0,0,0,0,0,0,0,0,0,0,0,0,180,180,180,180,180,0,0,0,0,30,0,0,2,0,0,0,0,0,0,0,0,0,0,0,0,0,0,0,0,Non,Oui, ,
2018/02/22 6:02:52 PM UTC+1,0,0,0,0,0,0,0,0,0,0,0,120,120,0,0,0,0,0,60,0,0,2,0,0,0,0,1,0,0,0,0,0,0,0,0,0,0,0,0,0,30,0,0,120,0,120,120,60,0,0,0,60,0,60,0,0,0,2,0,0,0,0,0,0,0,0,0,0,0,0,2,3,0,Non,Non, ,
2018/02/22 7:34:31 PM UTC+1,30,0,0,0,60,180,0,0,180,120,180,180,120,0,0,0,0,0,30,0,0,1,0,0,0,1,0,0,1,0,0,0,0,1,0,0,120,120,120,120,120,0,0,60,60,180,180,120,0,0,0,0,0,30,0,0,0,1,0,0,0,1,0,0,1,0,0,1,0,0,4,0,4,Non,Oui, ,
2018/02/22 7:38:10 PM UTC+1,15,0,30,30,180,180,0,0,0,15,120,60,60,0,0,0,0,0,30,0,0,1,0,2,1,1,1,0,1,0,0,0,0,0,0,0,120,180,60,180,180,0,0,60,60,120,60,120,0,0,0,15,0,30,0,0,0,2,2,0,1,1,0,0,1,0,0,0,0,0,2,1,1,Non,Oui, ,
2018/02/22 7:40:01 PM UTC+1,15,0,0,0,30,30,0,30,0,0,30,30,30,0,0,0,15,0,0,15,0,1,0,1,0,1,0,0,0,0,0,0,0,0,0,30,30,30,30,30,30,0,30,30,30,30,30,30,0,0,0,15,0,0,15,0,1,0,2,1,1,1,0,0,0,0,0,0,0,0,1,0,0,Non,Oui, ,
2018/02/22 7:41:02 PM UTC+1,0,0,0,0,0,30,0,0,30,30,30,30,30,0,0,0,0,0,15,0,0,0,0,0,0,0,0,0,0,0,0,0,0,0,0,0,0,0,0,0,30,0,0,30,30,30,30,30,0,0,0,0,0,30,0,0,0,0,0,0,0,0,0,0,0,0,0,0,0,0,1,0,0,Non,Non, ,
2018/02/22 7:45:30 PM UTC+1,0,0,0,0,0,0,0,0,0,0,0,0,30,0,0,0,0,0,30,0,0,0,0,1,0,0,0,0,0,0,0,0,0,0,0,0,0,0,0,0,0,0,0,30,0,15,30,0,0,0,30,0,0,30,0,0,1,0,1,1,1,0,0,0,0,0,0,0,0,0,6,7,7,Non,Oui, ,
2018/02/22 7:48:06 PM UTC+1,0,0,0,0,120,0,0,0,0,0,0,0,180,0,0,0,0,0,30,0,0,1,0,0,0,2,0,0,1,0,0,0,0,0,0,0,0,120,0,120,0,0,0,0,0,120,0,120,0,0,0,60,0,60,0,0,1,1,1,1,0,0,0,1,0,0,0,0,0,0,1,0,0,Non,Non, ,
2018/02/22 7:54:43 PM UTC+1,0,0,0,0,0,180,0,0,180,180,180,0,0,0,0,0,0,0,15,0,0,3,0,0,0,2,0,0,1,0,0,0,0,0,0,0,0,0,0,0,180,0,0,180,180,0,180,0,0,0,0,60,0,30,0,0,3,0,2,0,2,0,0,1,0,0,0,0,0,0,3,2,0,Non,Oui, ,
2018/02/22 7:54:44 PM UTC+1,0,0,0,0,120,60,0,0,0,0,0,60,0,0,0,0,0,0,15,0,0,1,0,0,0,1,0,0,1,0,0,0,0,0,0,0,60,120,0,180,180,0,0,60,0,180,120,0,0,0,0,15,0,15,0,0,0,1,1,0,1,0,0,0,1,0,0,0,0,0,1,0,1,Non,Non, ,
2018/02/22 7:55:04 PM UTC+1,0,0,60,0,60,120,0,0,0,0,0,0,0,0,0,0,30,0,30,0,0,1,0,0,0,0,0,0,0,0,0,0,1,0,0,30,180,120,120,60,180,0,0,0,0,0,0,0,0,0,0,30,0,30,0,0,1,0,0,0,0,0,0,0,0,0,0,1,0,0,4,4,4,Non,Oui, ,
2018/02/22 7:55:15 PM UTC+1,0,0,0,0,30,0,0,30,0,60,0,15,30,0,0,0,0,0,0,0,0,2,0,0,0,1,1,0,1,0,0,0,1,0,0,0,0,0,0,0,0,0,0,0,0,0,0,0,0,0,0,0,0,0,0,0,0,0,0,0,0,0,0,0,0,0,0,0,0,0,2,0,2,Non,Oui, ,
2018/02/22 7:57:53 PM UTC+1,0,0,0,60,120,120,0,0,120,120,120,60,0,0,0,0,0,0,60,0,0,2,0,0,0,1,0,0,0,0,0,0,0,0,0,0,60,120,180,180,180,0,0,120,120,60,60,0,0,0,0,30,0,30,0,0,0,2,1,0,1,0,0,0,0,0,0,0,0,0,4,0,0,Non,Non, ,
2018/02/22 8:03:17 PM UTC+1,15,0,0,0,0,0,0,0,0,0,120,120,0,0,0,0,0,0,30,0,0,2,0,0,0,1,0,0,0,0,0,0,0,0,0,0,30,0,0,0,0,0,0,120,0,0,120,0,0,0,0,30,0,30,0,0,2,0,0,0,0,0,0,0,0,0,0,0,0,0,3,4,3,Non,Non, ,
2018/02/22 8:12:40 PM UTC+1,0,0,0,0,30,30,0,0,180,0,180,120,120,0,0,0,0,0,30,0,0,2,0,0,0,2,0,0,1,0,0,0,0,0,0,0,0,0,0,0,0,0,0,120,0,0,0,0,0,0,0,30,0,30,0,0,0,0,1,0,1,0,0,0,1,0,0,0,0,0,2,0,0,Non,Non, ,
2018/02/22 8:15:58 PM UTC+1,0,0,0,0,120,0,0,0,0,0,0,180,0,0,0,0,0,0,30,0,0,1,0,0,0,0,0,0,1,0,0,0,0,0,0,0,60,0,60,120,120,0,0,0,0,0,180,180,0,0,0,30,0,30,0,0,0,1,0,0,0,0,0,0,1,0,0,0,0,0,3,7,0,Non,Non, ,
2018/02/22 8:19:43 PM UTC+1,30,0,0,0,180,180,0,0,180,180,60,0,0,0,0,0,0,0,15,0,0,2,2,0,0,2,0,0,0,0,0,0,1,0,0,0,180,0,120,180,180,0,0,0,180,0,0,0,0,0,0,15,0,15,0,0,1,0,2,0,2,0,0,0,0,0,0,1,0,0,2,0,0,Non,Oui, ,
2018/02/22 8:22:20 PM UTC+1,0,0,0,0,60,120,0,0,0,0,0,60,0,0,0,0,0,0,60,0,0,4,0,0,1,2,0,0,0,0,0,0,0,0,0,15,15,60,0,60,120,0,0,0,0,0,60,0,0,0,60,0,60,60,0,0,4,0,3,0,2,0,0,0,0,0,0,0,0,0,6,6,6,Non,Non, ,
2018/02/22 8:22:33 PM UTC+1,0,0,0,0,0,0,0,0,0,0,60,180,0,0,0,0,0,0,0,0,0,1,0,4,1,1,0,0,0,0,0,0,0,0,0,0,180,180,180,180,180,0,0,180,180,180,180,180,0,0,60,0,0,0,0,0,0,2,2,0,2,0,0,0,0,0,0,0,0,0,0,0,0,Non,Non, ,
2018/02/22 8:33:13 PM UTC+1,0,0,0,0,0,0,0,60,180,120,180,0,180,0,0,0,0,0,15,0,0,0,0,1,0,1,0,0,0,0,0,0,1,0,0,0,0,0,0,0,0,0,0,0,180,180,180,120,0,0,30,0,0,15,0,0,0,1,0,0,1,0,0,0,0,0,0,1,0,0,1,0,0,Ne se prononce pas,Non, ,
2018/02/22 8:35:10 PM UTC+1,0,0,0,0,30,30,0,0,30,30,30,30,0,0,0,0,0,0,30,0,0,2,0,2,2,0,0,0,2,0,0,0,0,0,0,0,30,30,30,30,30,0,0,0,30,30,30,0,0,0,30,0,0,30,0,0,0,2,0,0,2,0,0,0,2,0,0,0,0,0,4,7,1,Non,Non, ,
2018/02/22 8:35:51 PM UTC+1,30,0,0,0,180,180,60,30,0,15,0,180,180,60,0,0,0,0,30,0,0,1,0,0,0,2,1,0,1,0,0,0,0,1,0,30,180,180,180,180,180,180,30,180,180,180,180,180,180,0,0,0,0,60,0,0,1,1,0,0,2,1,0,0,1,0,0,0,1,0,2,1,0,Non,Non, ,
2018/02/22 8:36:23 PM UTC+1,0,0,0,0,0,0,0,0,0,0,0,180,180,60,0,0,0,0,15,15,0,1,1,0,0,1,1,0,0,0,0,0,0,0,0,0,0,0,0,0,0,0,0,0,60,60,120,180,60,0,0,0,0,0,15,0,0,1,0,0,0,0,0,0,0,0,0,0,0,0,1,0,0,Non,Oui, ,
2018/02/22 8:37:27 PM UTC+1,0,0,0,0,0,120,0,30,180,120,180,0,0,0,0,0,0,0,30,0,0,0,0,0,0,1,0,0,0,0,0,0,0,0,0,0,0,0,0,0,120,0,30,180,120,180,0,0,0,0,0,60,0,60,0,0,3,0,1,0,0,0,0,0,0,0,0,0,0,0,4,4,4,Non,Oui, ,
2018/02/22 8:52:41 PM UTC+1,0,0,60,0,120,0,0,0,15,0,15,0,120,0,0,0,15,0,15,0,0,2,0,0,0,1,0,0,0,0,0,0,0,0,0,0,0,0,0,0,0,0,0,0,0,0,0,0,0,0,0,0,0,60,0,0,0,2,0,0,1,0,0,0,0,0,0,0,0,0,1,0,0,Non,Non, ,
2018/02/22 8:58:28 PM UTC+1,0,0,0,0,60,120,0,0,0,0,0,15,15,0,0,0,0,0,30,0,0,0,0,0,0,2,0,0,0,0,0,0,0,0,0,120,0,60,0,120,120,0,0,0,0,0,0,30,0,0,0,0,0,60,0,0,2,0,2,0,2,0,0,0,0,0,0,0,2,0,3,3,0,Oui,Oui, ,
2018/02/22 8:59:43 PM UTC+1,30,0,0,0,180,120,0,30,120,180,120,120,0,0,0,0,0,0,30,0,0,1,0,0,0,2,0,0,1,0,0,0,0,0,0,0,180,180,180,0,0,0,0,180,180,180,0,0,0,0,30,0,0,30,0,0,0,1,1,0,1,0,0,0,1,0,0,0,0,0,2,0,0,Non,Non, ,
2018/02/22 9:06:36 PM UTC+1,0,0,0,0,0,0,0,0,180,120,120,0,0,0,0,0,0,0,0,0,0,1,2,0,0,2,0,0,0,0,0,0,0,0,0,0,0,0,0,0,0,0,0,0,0,60,120,0,0,0,0,0,0,0,0,0,1,0,1,0,2,0,0,0,0,0,0,0,0,0,2,3,0,Non,Oui, ,
2018/02/22 9:13:51 PM UTC+1,0,0,0,0,30,30,0,0,0,0,0,180,60,0,0,0,0,0,30,0,0,1,0,0,0,2,0,0,1,0,0,0,0,0,0,0,0,60,30,60,60,0,0,0,120,120,120,120,0,0,30,0,0,0,30,0,0,2,0,0,0,2,0,0,1,0,0,0,0,0,3,2,3,Non,Non, ,
2018/02/22 9:39:56 PM UTC+1,0,0,0,120,180,120,0,15,0,30,30,30,30,0,0,0,0,0,15,15,0,2,0,0,0,2,2,0,0,0,0,0,1,0,0,60,180,180,180,180,120,0,0,0,60,60,60,60,0,15,30,0,0,30,0,0,2,1,0,0,2,2,0,0,0,0,0,1,0,0,2,0,0,Non,Oui, ,
2018/02/22 9:43:11 PM UTC+1,0,0,0,0,30,0,0,0,0,0,0,60,120,0,0,0,0,0,15,0,0,1,0,0,0,0,0,0,0,0,0,0,0,0,0,0,0,0,60,60,0,0,0,120,120,120,120,120,0,0,0,0,0,15,0,0,1,0,1,0,0,0,0,0,0,0,0,0,0,0,1,0,0,Non,Non, ,
2018/02/22 9:43:55 PM UTC+1,0,0,0,0,120,0,0,0,0,0,0,0,180,0,0,0,0,0,30,0,0,1,0,0,0,2,0,0,1,0,0,0,0,0,0,0,0,120,0,120,0,0,0,0,0,120,0,120,0,0,0,60,0,60,0,0,1,1,1,1,0,0,0,1,0,0,0,0,0,0,1,0,0,Non,Non, ,
2018/02/22 9:45:10 PM UTC+1,0,0,0,0,0,120,0,0,0,0,0,120,0,0,0,0,0,0,30,0,0,0,0,0,0,0,0,0,0,0,0,0,0,0,0,0,0,0,0,120,0,0,0,0,0,0,120,0,0,0,0,0,0,30,0,0,0,0,0,0,0,0,0,0,0,0,0,0,0,0,2,0,2,Non,Oui, ,
2018/02/22 9:48:13 PM UTC+1,0,0,0,0,0,0,0,15,180,120,180,60,120,0,0,0,0,0,30,0,0,1,2,1,1,0,1,0,0,0,0,0,0,0,0,0,0,0,0,0,0,0,0,60,60,0,0,120,0,0,0,30,0,0,30,0,0,1,1,0,0,1,0,0,0,0,0,0,0,0,1,0,0,Non,Non, ,
2018/02/22 9:49:04 PM UTC+1,0,0,0,0,30,30,0,120,180,120,180,60,0,0,0,0,0,0,0,0,0,0,0,0,0,2,0,0,0,0,0,0,0,0,0,0,0,0,0,60,0,0,0,120,0,0,0,0,0,0,0,0,0,0,0,0,2,0,1,0,2,0,0,0,0,0,0,1,0,0,4,1,4,Non,Non, ,
2018/02/22 9:50:40 PM UTC+1,0,0,0,0,180,60,0,0,0,0,0,60,0,0,0,0,0,0,15,0,0,0,0,0,0,1,0,0,0,0,0,0,0,0,0,0,0,180,180,180,0,0,0,0,0,120,0,0,0,0,0,15,0,15,0,0,0,0,1,0,1,0,0,0,0,0,0,0,0,0,1,0,1,Non,Non, ,
2018/02/22 9:55:30 PM UTC+1,0,0,0,0,0,0,0,0,0,0,0,15,120,0,0,0,0,0,0,0,0,1,0,0,0,0,0,0,0,0,0,0,0,0,0,0,0,0,0,0,0,0,15,15,15,15,15,15,15,0,30,0,0,30,0,0,1,0,1,0,0,0,0,0,0,0,0,0,0,0,7,6,6,Non,Non, ,
2018/02/22 9:58:51 PM UTC+1,0,0,0,60,60,120,0,15,30,15,60,60,60,0,0,0,0,0,30,0,0,3,0,0,0,2,1,0,1,0,0,0,1,0,0,60,0,60,60,0,120,0,60,60,0,0,60,60,0,0,30,0,0,30,0,0,3,0,1,0,3,1,0,1,0,0,0,1,0,0,3,6,2,Non,Non, ,
2018/02/22 10:02:07 PM UTC+1,0,0,0,0,60,120,0,0,120,120,180,30,60,0,0,0,0,0,30,0,0,1,1,1,0,1,0,0,1,0,0,0,0,0,0,0,0,0,0,60,120,0,0,60,0,0,60,120,0,0,0,60,0,0,30,0,1,0,1,0,0,0,0,1,0,0,0,0,0,0,1,0,0,Non,Non, Je ne sais pas ce que vous entendez par chauffage d'appoint. Je suis chauff√©e √† l'√©lectricit√© (radiateurs) dans un immeuble r√©cent.,
2018/02/22 10:03:05 PM UTC+1,30,0,15,0,120,120,0,0,0,15,0,0,60,0,0,0,30,0,30,0,0,2,0,1,0,1,1,0,1,0,0,0,0,1,0,60,0,120,0,120,120,0,0,60,0,60,60,60,0,0,0,30,0,30,0,0,2,0,1,0,1,0,0,0,0,0,0,1,0,0,7,3,1,Non,Non, ,
2018/02/22 10:10:47 PM UTC+1,0,0,0,0,0,0,0,0,0,0,0,0,0,0,0,0,0,0,0,0,0,0,1,0,0,2,0,0,0,0,0,0,0,0,0,0,0,0,0,0,0,0,0,60,0,60,0,60,30,0,30,0,0,60,0,0,0,1,0,0,2,0,0,0,1,0,0,0,0,0,1,0,0,Non,Oui, ,
2018/02/22 10:23:22 PM UTC+1,0,0,0,0,0,60,60,15,15,30,0,60,60,60,0,0,0,0,60,0,0,2,0,0,0,2,1,0,1,0,0,0,0,0,0,0,0,0,0,0,60,0,0,15,15,15,15,15,0,0,30,30,0,30,30,0,0,2,2,2,2,2,0,0,0,0,0,0,0,0,7,7,2,Oui,Non, ,
2018/02/22 10:25:38 PM UTC+1,0,0,0,0,0,0,0,0,15,0,15,15,0,0,0,0,0,0,30,0,0,1,0,0,0,2,0,0,0,0,0,0,0,0,0,0,0,15,0,0,15,0,0,15,0,0,15,0,0,0,0,30,0,30,0,0,0,2,2,0,2,0,0,0,0,0,0,0,0,0,3,3,3,Non,Oui, ,
2018/02/22 10:36:38 PM UTC+1,15,0,0,0,0,60,0,0,0,0,0,30,0,0,0,0,0,0,0,0,0,2,0,0,0,3,0,0,0,0,0,0,0,0,0,15,0,0,0,0,60,0,0,0,0,0,30,30,0,0,0,0,0,15,0,0,2,0,0,0,3,0,0,0,0,0,0,0,0,0,4,2,3,Non,Non, ,
2018/02/22 10:47:11 PM UTC+1,0,0,0,120,0,0,0,0,0,0,120,120,60,0,0,0,0,0,30,0,0,2,0,0,1,3,2,0,0,0,0,0,1,0,0,0,0,0,0,0,0,0,0,0,0,0,0,0,0,0,0,0,0,0,0,0,0,0,0,0,0,0,0,0,0,0,0,0,0,0,2,0,0,Non,Non, ,
2018/02/22 10:52:44 PM UTC+1,0,0,0,0,180,120,0,60,0,0,0,60,0,0,15,0,0,0,15,0,0,2,0,0,0,2,0,0,1,0,0,0,0,0,0,180,0,0,0,0,180,0,30,0,30,0,30,0,0,30,0,60,0,30,0,0,1,1,0,1,0,1,0,1,0,0,0,1,0,0,6,0,0,Non,Non, ,
2018/02/22 11:30:44 PM UTC+1,0,0,30,0,60,30,0,0,0,0,0,15,0,0,0,0,0,0,15,0,0,0,0,1,2,3,0,0,0,0,0,0,1,0,0,0,0,60,0,120,60,0,0,0,0,0,0,0,0,0,0,15,0,15,0,0,1,0,1,0,1,0,0,0,0,0,0,1,0,0,2,3,2,Non,Non, ,
2018/02/22 11:40:35 PM UTC+1,0,0,0,0,60,60,0,0,0,0,0,30,60,0,0,0,0,0,15,0,0,1,0,0,0,0,0,0,1,0,0,0,0,0,0,0,0,60,60,120,120,0,0,30,60,120,60,0,0,0,0,15,0,15,0,0,0,1,1,0,0,0,0,0,0,0,0,0,0,0,2,0,0,Non,Non, ,
2018/02/22 11:43:37 PM UTC+1,30,0,0,0,180,180,0,0,60,60,60,120,0,0,0,0,0,0,30,0,0,1,1,2,0,0,0,0,1,0,0,0,0,0,0,0,60,180,180,180,180,0,0,0,0,0,120,0,0,0,0,30,0,30,0,0,0,1,1,1,0,0,0,0,1,0,0,0,0,0,4,3,4,Non,Non, Utilisation du four de cuisson 3 √† 4 fois par semaine environ 45 en moyenne. ,
2018/02/22 11:54:44 PM UTC+1,0,0,0,0,0,0,0,0,0,0,0,180,120,0,0,0,0,0,60,0,0,2,0,0,0,0,1,0,1,0,0,0,0,0,0,0,120,0,60,180,120,0,0,30,30,0,30,0,0,0,0,30,0,30,0,0,0,2,0,0,0,0,0,0,1,0,0,0,0,0,3,3,0,Non,Non, ,
2018/02/22 11:59:44 PM UTC+1,15,0,0,0,30,30,0,0,15,30,0,30,30,0,0,0,0,0,15,0,0,1,0,0,0,1,0,0,1,0,0,0,0,0,0,0,15,0,0,30,30,15,0,30,0,30,30,0,0,0,0,30,0,30,0,0,1,0,1,0,1,0,0,0,0,0,0,1,0,0,1,0,0,Non,Non, ,
2018/02/23 12:05:01 AM UTC+1,0,0,60,0,60,120,0,60,180,120,180,0,0,0,0,0,15,0,30,0,0,0,0,3,0,2,1,0,1,0,1,0,0,0,0,0,60,180,0,0,0,0,0,0,0,180,180,0,0,0,0,30,0,60,0,0,0,0,3,0,3,2,0,0,0,0,0,0,0,0,1,0,1,Non,Non, Bon courage ! ,)
2018/02/23 12:05:03 AM UTC+1,0,0,0,0,120,120,0,0,0,0,0,30,60,0,0,0,0,0,0,30,0,1,0,0,0,0,1,0,1,0,0,0,0,1,0,0,30,120,120,0,0,60,0,120,0,0,0,60,0,0,0,30,0,0,60,0,0,2,2,0,0,1,0,0,0,1,0,0,1,0,3,0,0,Oui,Non, ,
2018/02/23 12:06:36 AM UTC+1,0,0,0,0,0,0,0,30,30,30,30,30,0,0,0,0,0,0,0,15,0,2,0,0,0,0,0,0,0,0,0,0,0,0,0,0,0,0,0,0,0,0,60,120,120,60,30,0,0,0,0,0,0,0,15,0,2,2,0,0,0,0,0,0,0,0,0,0,0,0,2,2,0,Oui,Non, ,
2018/02/23 12:44:01 AM UTC+1,0,0,0,0,0,120,15,0,0,0,0,0,60,0,0,0,0,0,0,15,0,1,0,1,0,0,1,0,0,0,0,0,0,0,0,0,120,120,120,0,0,0,0,0,0,120,0,0,0,0,15,15,0,15,0,0,0,1,0,1,1,0,0,0,0,0,0,0,0,0,1,0,0,Non,Non, ,
2018/02/23 2:31:45 AM UTC+1,0,0,0,0,0,0,0,120,120,120,120,120,120,0,0,0,0,0,30,0,0,2,0,0,0,1,0,0,1,0,0,0,0,0,0,0,0,0,0,0,0,0,120,120,120,120,120,120,120,0,0,30,0,30,0,0,2,0,0,0,1,0,0,1,0,0,0,0,1,0,4,7,4,Oui,Non, ,
2018/02/23 3:11:06 AM UTC+1,0,0,0,0,0,0,0,0,0,180,180,180,120,0,0,0,0,0,0,0,0,0,0,0,1,0,0,0,0,0,0,0,0,0,0,0,0,0,0,0,0,0,0,0,120,180,120,60,0,0,0,0,0,0,0,0,0,0,0,1,0,0,0,0,0,0,0,0,0,0,1,0,0,Non,Non,d√©croissance en polyn√©sie,
2018/02/23 4:54:29 AM UTC+1,30,0,0,0,0,0,0,180,0,0,0,0,0,0,0,0,0,0,0,0,0,1,0,0,0,0,0,0,0,0,0,0,0,0,0,0,0,0,0,0,0,0,30,0,0,0,0,0,0,0,0,0,0,0,0,0,0,0,0,0,0,0,0,0,0,0,0,0,0,0,1,0,0,Non,Oui, ,
2018/02/23 4:55:33 AM UTC+1,30,0,0,0,0,0,0,180,0,0,0,0,0,0,0,0,0,0,0,0,0,1,0,0,0,0,0,0,0,0,0,0,0,0,0,0,0,0,0,0,0,0,30,0,0,0,0,0,0,0,0,0,0,0,0,0,0,0,0,0,0,0,0,0,0,0,0,0,0,0,1,0,0,Non,Oui, ,
2018/02/23 4:55:52 AM UTC+1,30,0,0,0,0,0,0,180,0,0,0,0,0,0,0,0,0,0,0,0,0,1,0,0,0,0,0,0,0,0,0,0,0,0,0,0,0,0,0,0,0,0,30,0,0,0,0,0,0,0,0,0,0,0,0,0,0,0,0,0,0,0,0,0,0,0,0,0,0,0,1,0,0,Non,Oui, ,
2018/02/23 6:05:04 AM UTC+1,0,0,30,0,180,180,0,0,0,15,30,30,0,0,0,0,15,0,60,0,0,3,0,0,1,0,0,0,2,0,0,0,0,0,0,0,0,60,0,180,180,0,0,30,0,30,60,0,0,0,0,30,0,60,0,0,3,0,1,1,0,0,0,0,1,0,0,0,0,0,3,3,0,Oui,Oui,,
2018/02/23 6:56:18 AM UTC+1,0,0,0,60,180,120,0,0,0,0,0,0,0,0,0,0,0,0,15,0,0,0,0,0,1,1,0,0,1,0,0,0,1,0,0,0,120,180,180,120,0,0,0,0,0,0,0,0,0,0,0,0,0,15,0,0,0,0,1,1,1,0,0,0,1,0,0,1,0,0,3,0,0,Non,Non, ,
2018/02/23 6:58:11 AM UTC+1,0,0,0,0,15,60,0,0,120,60,60,15,0,0,0,0,0,30,30,0,0,1,0,1,0,0,0,0,0,0,0,0,0,0,0,0,30,60,60,30,60,0,0,60,60,0,0,0,0,0,30,60,30,30,0,0,1,0,0,0,0,0,0,0,0,0,0,0,0,0,6,5,6,Non,Oui, ,
2018/02/23 7:56:26 AM UTC+1,0,0,0,30,30,30,0,15,0,0,30,30,30,0,0,0,15,0,30,0,0,1,0,1,0,1,0,0,0,0,0,0,0,0,0,30,0,0,30,30,30,0,15,0,0,30,30,30,0,15,0,0,30,30,0,0,1,0,0,0,0,0,0,0,0,0,0,0,0,0,2,2,2,Oui,Non, ,
2018/02/23 7:58:21 AM UTC+1,0,0,30,0,0,30,0,0,0,0,0,0,0,0,0,0,0,0,30,0,0,0,0,1,0,0,1,0,1,0,0,0,0,0,0,0,0,30,30,0,30,0,0,0,0,0,0,0,0,0,0,15,0,15,15,0,0,0,1,0,1,0,0,0,1,0,0,0,0,0,2,0,0,Non,Oui, ,
2018/02/23 8:27:36 AM UTC+1,0,0,0,0,180,0,0,0,180,180,0,0,0,0,0,0,0,0,60,0,0,1,0,1,0,1,0,0,0,0,0,0,0,0,0,0,0,0,0,0,120,0,0,0,0,0,0,30,0,0,0,30,0,30,0,0,1,0,0,0,0,0,0,0,0,0,0,0,0,0,5,2,1,Non,Oui, ,
2018/02/23 9:03:57 AM UTC+1,0,0,0,0,0,0,0,15,0,0,15,15,120,0,0,0,0,0,0,0,0,4,0,0,3,2,0,0,3,0,0,0,0,2,0,0,0,0,0,0,0,0,15,15,15,0,0,120,0,0,0,0,0,0,0,0,4,0,2,2,3,0,0,3,0,0,0,2,0,0,3,0,3,Non,Oui, ,
2018/02/23 9:13:25 AM UTC+1,0,0,60,0,0,60,0,0,0,30,0,0,0,0,0,0,0,0,15,0,0,0,3,0,0,0,0,0,0,0,0,0,0,0,0,0,0,60,60,60,60,0,0,0,15,30,0,0,0,0,0,0,0,15,0,0,0,0,3,0,0,0,0,0,0,0,1,0,0,0,3,3,0,Non,Non, ,
2018/02/23 9:26:44 AM UTC+1,0,0,0,0,0,0,0,0,0,0,0,30,30,30,0,15,0,0,0,15,0,0,0,0,0,0,0,0,0,0,0,0,0,0,0,0,0,0,0,0,0,0,0,30,30,30,30,30,0,0,0,30,0,0,30,0,0,0,0,0,0,0,0,0,0,0,0,0,0,0,1,0,0,Non,Oui, ,
2018/02/23 9:27:48 AM UTC+1,0,0,0,0,0,0,0,30,0,60,0,120,180,0,0,0,0,0,15,0,0,0,0,0,0,0,1,0,0,0,0,0,0,0,0,0,0,60,0,0,0,0,60,0,120,0,60,120,0,0,30,0,0,30,0,0,0,0,1,0,1,0,0,0,0,0,0,0,0,0,5,5,0,Oui,Oui, ,
2018/02/23 9:49:42 AM UTC+1,0,0,0,0,0,120,0,0,15,30,15,15,120,0,0,0,0,0,15,0,0,1,0,1,0,1,1,0,0,0,0,0,0,0,0,0,0,120,0,0,120,0,0,0,60,60,60,60,0,0,0,30,0,0,30,0,0,1,1,0,1,1,0,0,0,0,0,0,0,0,2,2,0,Non,Non, ,
2018/02/23 9:52:48 AM UTC+1,0,0,0,0,0,0,120,0,0,0,0,0,0,0,0,0,0,0,0,0,0,2,0,0,0,0,0,0,0,0,0,0,0,0,0,0,0,0,0,0,0,0,0,0,0,0,0,0,0,0,0,0,0,0,0,0,0,0,0,0,0,0,0,0,0,0,0,0,0,0,4,0,0,Non,Non, ,
2018/02/23 9:54:13 AM UTC+1,0,0,0,0,0,60,0,0,180,120,120,30,0,0,15,0,0,0,60,0,0,0,1,1,0,0,0,0,0,0,0,0,0,0,0,0,0,0,0,0,0,0,0,0,0,0,0,0,0,0,15,0,0,60,0,0,0,1,0,0,1,0,0,0,0,0,0,0,0,0,2,0,0,Non,Non," Quid des t√©l√©phones portables? (cat√©gorie ordinateur, tablette?)",
2018/02/23 9:57:06 AM UTC+1,0,0,0,0,0,0,0,0,0,0,180,120,0,0,0,0,0,0,30,0,0,0,0,0,1,1,0,0,0,0,0,0,0,0,0,0,0,0,0,0,0,0,0,0,180,120,120,0,0,0,0,0,0,15,0,0,0,1,1,1,1,1,0,0,0,0,0,0,0,0,1,0,0,Non,Non, ,
2018/02/23 10:07:14 AM UTC+1,15,0,0,0,180,180,0,30,0,0,0,120,0,0,0,0,0,0,30,0,0,2,0,0,0,0,0,0,0,0,0,0,0,0,0,120,180,60,0,180,120,0,30,0,30,0,120,0,0,0,0,0,0,30,0,0,2,0,0,0,0,0,0,0,0,0,0,0,0,0,3,6,0,Non,Non, ,
2018/02/23 10:10:28 AM UTC+1,0,0,0,0,0,120,0,0,30,30,30,30,0,0,0,0,0,0,30,0,0,1,0,0,0,2,0,0,1,0,0,0,0,0,0,0,0,60,0,0,120,0,0,15,15,15,15,0,0,0,30,0,0,30,0,0,0,1,0,0,1,0,0,0,1,0,0,0,0,0,2,3,0,Non,Non, ,
2018/02/23 10:11:24 AM UTC+1,0,0,0,0,0,0,0,0,0,60,60,120,120,0,0,0,15,0,15,0,0,0,0,0,0,0,1,0,1,0,0,0,0,0,0,0,0,0,0,0,0,0,30,60,120,120,120,120,0,0,0,15,0,15,0,0,0,0,1,0,1,0,0,0,0,0,0,0,0,0,1,0,0,Non,Non, ,
2018/02/23 10:13:41 AM UTC+1,0,60,0,0,0,120,60,0,60,0,0,0,15,0,0,15,0,0,0,0,0,0,1,0,0,0,0,0,0,1,0,0,0,1,0,0,0,60,0,120,180,0,0,30,0,30,0,0,0,0,15,0,15,0,0,0,0,0,1,0,0,1,0,0,0,1,0,0,0,0,3,4,3,Non,Oui, ,
2018/02/23 10:21:41 AM UTC+1,0,0,0,0,60,60,0,0,180,30,180,60,0,0,0,0,0,0,30,0,0,0,1,0,1,2,0,0,2,0,0,0,0,1,0,0,120,0,120,0,0,0,0,0,0,0,0,0,0,0,0,30,0,30,0,0,0,1,0,1,0,0,0,0,1,0,0,1,0,0,2,0,0,Non,Non, ,
2018/02/23 10:24:23 AM UTC+1,15,0,0,0,30,60,0,0,60,60,120,180,120,0,0,0,15,0,0,0,0,0,0,1,0,1,0,0,0,0,0,0,0,0,0,15,15,0,0,0,15,0,60,120,180,180,180,120,0,0,0,15,0,15,0,0,0,0,1,0,1,0,0,0,0,0,0,0,0,0,6,0,6,Non,Oui, ,
2018/02/23 10:36:16 AM UTC+1,0,0,0,60,180,120,0,0,0,0,0,0,120,0,0,0,0,0,60,0,0,0,0,0,0,1,0,0,1,0,0,0,0,0,0,0,120,180,180,180,180,0,0,60,60,60,60,0,0,0,0,30,0,0,60,0,0,0,1,0,1,0,0,0,1,0,0,0,0,0,3,0,0,Non,Non," Pour les*60abitudes sur les jours non travaill√©s, cela d√©pend de si l'on sort ou si l'on reste au domicile. Si je reste pour travailler chez moi (professeur = beaucoup de prep √† la maison), la t√©l√© est allum√©e en fond sonore toute la journ√©e par exemple. Alors que si je sors elle ne sera allum√©e qu'une*60eure √† peine e' rentrant le soir.",
2018/02/23 10:42:30 AM UTC+1,0,0,0,0,120,0,0,0,0,0,0,0,120,0,0,0,0,0,30,0,0,1,0,0,0,1,0,0,0,0,0,0,0,0,0,0,0,0,0,120,0,0,0,0,0,180,0,0,0,0,0,30,0,60,0,0,0,1,1,0,0,2,0,0,0,0,0,1,0,0,1,0,0,Non,Non, ,
2018/02/23 10:46:05 AM UTC+1,0,0,0,0,0,0,0,0,0,0,0,120,0,0,0,0,0,0,30,0,0,2,0,0,0,1,0,0,0,0,0,0,0,0,0,0,0,0,0,0,120,0,0,0,0,120,0,0,0,0,0,30,0,30,0,0,0,2,0,0,1,0,0,0,0,0,0,0,0,0,4,4,3,Oui,Oui, ,
2018/02/23 10:46:19 AM UTC+1,0,0,0,0,0,0,0,0,0,0,0,120,180,0,0,0,0,0,0,0,0,0,0,0,0,0,0,0,1,0,0,0,0,1,0,0,0,0,0,0,0,0,0,120,120,120,120,180,0,0,0,15,0,0,0,0,0,0,0,0,0,0,0,1,0,0,0,0,1,0,3,7,1,Oui,Oui, ,
2018/02/23 10:53:42 AM UTC+1,0,0,0,0,30,60,0,0,15,30,15,0,0,0,0,0,0,0,0,15,0,1,0,1,0,0,0,0,1,0,0,0,0,0,0,0,15,60,120,120,120,0,0,0,15,0,0,0,0,0,0,15,0,0,15,0,0,1,0,1,0,0,0,0,1,0,0,0,0,0,1,0,0,Non,Non, ,
2018/02/23 11:00:18 AM UTC+1,30,0,0,0,15,120,0,15,180,180,180,180,60,0,0,0,0,0,60,0,0,1,1,1,0,1,0,0,1,0,0,0,0,0,0,0,60,0,60,60,60,0,30,30,30,30,30,30,30,0,0,0,0,120,60,0,2,0,2,0,3,2,0,1,0,0,0,0,0,0,1,1,1,Non,Oui, ,
2018/02/23 11:24:50 AM UTC+1,0,0,0,0,0,0,0,0,0,0,0,60,120,0,0,0,0,0,60,0,0,0,0,0,0,2,0,0,0,0,0,0,0,0,0,0,0,0,0,0,0,0,0,60,60,60,60,60,60,0,60,0,0,60,0,0,0,2,0,2,0,0,0,0,0,0,0,0,0,0,2,0,0,Non,Non, ,
2018/02/23 11:30:08 AM UTC+1,0,0,0,0,0,0,0,0,0,0,0,120,120,0,0,0,0,0,0,0,0,0,0,0,0,0,0,0,0,0,0,0,0,0,0,0,0,0,15,0,0,0,0,60,60,180,180,120,180,0,0,0,0,0,0,0,0,0,0,0,0,0,0,0,0,0,0,0,0,0,0,0,0,Non,Non, ,
2018/02/23 1:22:08 PM UTC+1,0,0,0,0,0,0,0,60,0,0,120,60,0,0,0,0,0,0,60,0,0,0,0,1,0,2,0,0,0,0,0,0,0,0,0,0,0,0,0,0,0,0,0,0,0,0,0,0,0,0,120,0,120,120,0,0,0,0,1,0,1,1,0,0,0,0,0,0,0,0,5,0,0,Non,Non, ,
2018/02/23 1:25:17 PM UTC+1,30,0,60,0,120,180,0,60,180,180,180,180,180,0,0,0,0,0,30,0,0,2,1,1,0,1,0,0,1,0,0,0,0,0,0,120,0,0,0,180,180,0,0,180,180,180,180,180,0,0,0,0,0,30,0,0,3,1,1,0,2,0,0,1,0,0,0,0,0,0,7,4,3,Non,Non, ,
2018/02/23 1:25:35 PM UTC+1,60,0,0,120,180,60,0,60,0,0,60,0,0,0,0,0,0,0,0,0,0,2,0,0,1,1,0,0,0,0,0,0,0,0,0,60,0,180,60,180,120,0,60,0,0,0,60,0,0,0,0,0,0,0,0,0,2,0,2,0,2,0,0,0,0,0,1,0,0,0,1,1,1,Non,Non, ,
2018/02/23 1:27:40 PM UTC+1,0,0,0,0,0,0,0,0,120,30,0,0,180,0,0,0,0,0,0,0,0,0,0,0,0,0,0,0,0,0,0,0,0,0,0,0,0,0,0,0,0,0,0,120,0,0,0,120,0,0,0,0,0,0,0,0,0,0,0,0,0,0,0,0,0,0,0,0,0,0,0,0,0,Non,Non, ,
2018/02/23 1:36:31 PM UTC+1,0,0,0,0,0,0,0,0,0,0,0,120,60,0,0,0,0,0,0,0,0,1,0,0,0,1,0,0,0,0,0,0,1,0,0,0,30,0,0,0,60,0,0,60,0,60,0,60,0,0,15,0,0,30,0,0,1,0,0,1,1,0,0,0,0,0,0,0,1,0,2,0,0,Non,Non, ,
2018/02/23 1:59:54 PM UTC+1,0,0,0,0,60,60,0,120,30,120,120,30,120,60,0,0,0,0,0,0,0,0,2,0,0,2,0,0,0,0,0,0,0,0,0,0,0,120,0,120,120,0,0,0,0,0,120,120,0,0,0,0,0,30,0,0,0,2,0,0,2,0,0,0,0,0,0,0,0,0,5,0,3,Oui,Oui, J'habite au Qu√©bec.,
2018/02/23 2:33:26 PM UTC+1,15,0,30,0,30,60,0,0,180,120,180,60,0,0,0,0,0,0,30,0,0,1,0,1,0,1,0,0,0,0,0,0,0,0,0,0,0,30,120,60,120,0,0,0,0,0,0,120,0,0,0,30,0,30,0,0,0,1,0,0,1,0,0,0,0,0,0,1,0,0,2,1,0,Non,Non, ,
2018/02/23 3:23:34 PM UTC+1,60,60,120,60,180,120,0,0,0,60,60,120,180,0,0,0,30,0,30,0,0,4,2,5,0,5,3,0,2,0,2,0,4,2,0,60,180,180,180,180,180,0,180,180,180,180,180,180,0,0,0,60,0,60,0,0,2,3,4,2,5,2,0,0,3,0,3,4,3,0,6,6,0,Non,Oui, ,
2018/02/23 3:35:53 PM UTC+1,0,0,0,0,0,0,0,0,0,0,0,60,0,0,0,0,0,0,30,0,0,2,0,0,0,2,0,0,0,0,0,0,0,0,0,0,0,0,0,0,120,0,0,120,0,120,0,0,0,0,0,30,0,0,0,0,2,0,2,0,2,0,0,0,0,0,0,0,0,0,1,0,0,Non,Non, ,
2018/02/23 4:00:10 PM UTC+1,15,0,0,0,30,120,0,0,0,0,30,60,30,0,0,0,0,0,30,0,0,0,0,1,0,2,0,0,0,0,0,0,0,0,0,0,0,0,0,0,0,0,0,60,60,0,60,120,0,0,0,15,0,15,0,0,0,0,1,0,1,0,0,0,0,0,0,0,0,0,7,7,7,Non,Non, ,
2018/02/23 5:35:57 PM UTC+1,0,0,0,0,0,0,0,30,0,0,30,180,120,0,0,0,0,0,15,0,0,0,0,0,0,0,0,0,0,0,0,0,0,0,0,0,0,0,0,0,0,0,0,120,120,120,120,120,0,0,0,0,0,30,0,0,0,0,0,0,0,0,0,0,0,0,0,0,0,0,1,0,1,Non,Non, ,
2018/02/23 6:08:47 PM UTC+1,0,0,0,0,0,120,0,0,180,180,180,0,30,0,0,0,0,0,30,0,0,3,1,1,0,1,0,0,0,0,0,0,0,0,0,0,0,0,0,0,120,0,0,30,0,30,0,0,0,0,30,0,0,30,0,0,3,1,0,1,1,0,0,0,0,0,0,0,0,0,2,3,2,Non,Oui, ,
2018/02/23 6:21:28 PM UTC+1,0,0,0,0,0,30,0,0,0,0,0,0,60,0,0,0,0,0,30,0,0,3,0,0,0,0,0,0,1,0,0,0,0,0,0,0,0,0,0,0,120,0,0,0,0,120,60,0,0,0,0,30,0,30,0,0,0,3,2,0,0,0,0,0,0,0,0,0,0,0,3,3,0,Non,Non, ,
2018/02/23 6:22:28 PM UTC+1,0,0,0,30,180,60,0,0,15,60,30,60,0,0,0,0,0,0,60,0,0,0,0,0,0,1,0,0,1,0,0,0,0,0,0,0,0,0,30,180,60,0,0,180,120,120,0,0,0,0,0,30,0,60,0,0,0,0,1,0,1,0,0,1,0,0,0,0,0,0,3,3,2,Oui,Oui, ,
2018/02/23 6:33:49 PM UTC+1,0,0,0,0,120,120,0,0,0,0,0,60,60,0,0,0,0,0,30,0,0,1,0,0,0,0,0,0,0,0,0,0,0,0,0,0,0,0,0,120,120,0,0,0,0,0,60,60,0,0,0,0,0,30,0,0,1,0,0,0,0,0,0,1,0,0,0,0,1,0,1,0,0,Non,Non, ,
2018/02/23 6:39:06 PM UTC+1,0,0,0,0,60,120,0,60,120,120,180,180,120,30,0,0,0,0,15,0,0,0,0,0,0,2,0,0,0,0,0,0,0,0,0,0,0,0,0,0,0,0,0,0,0,0,0,0,0,0,0,0,0,0,0,0,0,0,0,0,0,0,0,0,0,0,0,0,0,0,5,1,0,Non,Non, ,
2018/02/23 7:11:54 PM UTC+1,30,0,0,0,0,180,60,15,120,120,120,0,120,0,0,0,0,0,0,30,0,0,1,2,0,0,1,0,0,0,0,0,0,0,0,0,60,0,0,180,180,0,0,30,0,0,0,120,0,0,0,0,0,0,30,0,0,1,0,0,0,1,1,0,0,0,0,0,0,0,1,0,0,Non,Non, ,
2018/02/23 7:31:30 PM UTC+1,0,0,0,0,0,0,0,60,180,180,60,0,60,0,0,0,0,0,30,0,0,1,0,0,0,3,0,0,0,0,0,0,0,0,0,0,0,0,0,0,0,0,0,15,0,15,0,60,0,0,60,0,0,30,0,0,1,3,2,0,2,0,0,0,0,0,0,0,0,0,5,5,0,Non,Oui, ,
2018/02/23 7:40:27 PM UTC+1,0,0,0,0,15,120,0,0,0,0,30,60,0,0,0,0,30,0,120,0,0,1,1,0,0,2,0,0,1,0,0,0,0,0,0,0,0,0,180,0,0,0,0,60,60,60,60,0,0,0,30,60,60,60,0,0,0,1,0,0,1,0,0,0,0,0,0,0,0,0,2,3,0,Non,Oui, Par exemple le s√®che cheveux je ne l utilise pas tous les jours 3-4 fois par semaine ,
2018/02/23 8:12:43 PM UTC+1,0,0,0,0,0,0,0,0,180,120,180,120,30,0,0,0,0,0,60,0,0,2,0,0,0,3,1,0,1,0,0,0,0,0,0,0,0,0,0,0,0,0,0,60,0,0,60,60,0,0,0,120,0,120,0,0,2,0,0,0,2,0,0,0,1,0,0,0,0,0,1,2,0,Non,Non, ,
2018/02/23 8:54:03 PM UTC+1,0,0,0,0,0,30,0,0,0,60,0,120,60,0,0,0,0,0,0,15,0,0,0,0,0,0,1,0,1,0,0,0,0,0,0,0,0,0,0,0,60,0,0,0,120,60,30,180,0,0,0,0,15,0,15,0,0,0,1,0,0,1,0,0,0,0,0,0,0,0,0,0,0,Non,Oui, ,
2018/02/23 9:13:39 PM UTC+1,0,0,0,0,30,30,30,30,30,30,30,30,30,30,0,0,30,0,30,0,0,2,0,1,0,0,0,0,1,0,0,0,0,0,0,0,30,30,30,30,30,30,0,30,30,30,30,30,30,0,0,30,0,30,0,0,0,2,0,2,0,0,0,0,0,0,0,0,0,0,2,2,0,Non,Oui, ,
2018/02/23 9:34:43 PM UTC+1,0,0,0,0,0,0,0,0,180,180,180,180,180,0,0,0,0,0,30,0,0,1,1,1,1,1,0,0,0,0,0,0,0,0,0,0,0,0,0,0,0,0,0,0,180,180,180,180,0,0,0,30,0,15,0,0,0,1,1,1,1,0,0,0,0,0,0,0,0,0,1,0,1,Oui,Non, ,
2018/02/23 10:01:17 PM UTC+1,0,0,0,30,180,120,0,0,0,0,15,120,60,0,0,0,0,0,15,0,0,1,0,0,0,1,0,0,0,0,0,0,0,0,0,0,0,0,30,180,120,0,0,0,180,120,60,60,0,0,0,30,30,0,0,0,0,1,0,1,0,0,0,0,0,0,1,0,0,0,4,4,0,Non,Oui, ,
2018/02/23 11:56:53 PM UTC+1,0,0,0,0,0,0,0,60,180,180,180,120,120,0,0,0,0,0,0,0,0,1,2,1,0,1,0,0,0,0,0,0,0,0,0,0,0,0,0,0,0,0,0,30,30,30,30,0,0,0,0,0,60,0,0,0,0,2,1,0,1,1,0,0,1,0,0,0,0,0,1,0,0,Non,Non, ,
2018/02/24 1:14:56 AM UTC+1,0,0,0,0,0,180,0,0,180,0,180,0,120,0,0,0,0,0,30,0,0,3,0,0,0,0,0,0,0,0,0,0,0,0,0,0,0,0,60,60,180,0,0,0,0,0,0,120,0,0,0,30,0,30,0,0,3,0,0,0,0,0,0,1,0,0,0,0,0,0,7,5,0,Non,Non, ,
2018/02/24 12:43:41 PM UTC+1,0,0,0,0,0,0,0,0,0,0,0,0,0,0,15,0,0,0,60,0,0,0,0,0,0,0,0,0,0,0,0,0,0,0,0,0,0,0,0,0,0,0,0,120,0,120,120,0,0,0,15,60,30,120,0,0,0,0,0,0,0,0,0,0,0,1,0,0,0,0,3,4,0,Non,Non, ,
2018/02/24 3:32:51 PM UTC+1,0,0,0,0,0,0,0,0,0,0,0,60,0,0,0,0,0,0,30,0,0,1,0,0,0,2,0,0,1,0,0,0,0,0,0,0,0,0,0,0,0,0,0,30,60,120,180,0,0,0,0,30,0,30,0,0,1,0,1,0,1,0,0,0,1,0,0,0,0,0,2,2,0,Non,Non, ,
2018/02/24 7:04:24 PM UTC+1,0,0,0,0,60,120,0,0,180,120,180,120,0,0,0,0,0,0,30,0,0,1,0,0,0,0,1,0,0,0,0,0,0,1,0,0,0,120,0,0,180,0,0,60,0,0,120,60,0,0,0,60,0,0,60,0,1,0,0,0,0,1,0,0,0,0,0,0,1,0,1,0,0,Non,Non, ,
2018/02/24 8:23:15 PM UTC+1,0,0,0,0,60,0,0,15,0,30,0,120,0,0,0,0,0,0,30,0,0,0,0,1,0,1,0,0,0,0,0,0,0,0,0,0,0,0,60,0,120,0,60,60,60,120,0,120,0,0,0,0,0,60,0,0,0,0,1,0,1,0,0,0,0,0,0,0,0,0,3,0,0,Oui,Non, ,
2018/02/24 8:47:54 PM UTC+1,0,0,0,0,0,0,0,0,180,60,120,0,120,0,0,0,0,0,0,0,0,5,0,0,0,2,0,0,0,0,0,0,0,0,0,0,0,0,0,60,60,0,0,60,0,120,60,0,0,0,0,0,0,0,0,0,2,5,1,0,2,0,0,0,0,0,0,0,0,0,6,4,6,Non,Non, ,
2018/02/24 10:11:03 PM UTC+1,30,0,0,0,180,60,0,30,0,120,0,0,60,0,0,0,0,0,30,0,0,2,0,1,0,5,0,0,0,0,0,0,0,0,0,0,180,180,180,180,180,0,0,0,0,180,180,0,0,0,60,0,0,60,0,0,1,2,3,2,3,0,0,0,0,0,0,0,0,0,3,2,0,Non,Oui, ,
2018/02/24 11:30:10 PM UTC+1,0,0,0,0,180,0,0,0,0,0,0,60,0,0,15,0,0,0,30,0,0,4,0,0,0,2,0,0,1,0,0,0,1,0,0,0,0,120,60,120,120,0,0,0,60,120,0,0,0,15,0,15,0,30,0,0,3,0,0,0,3,0,0,1,0,0,0,1,0,0,2,2,0,Non,Oui, ,
2018/02/25 12:12:28 AM UTC+1,0,0,0,0,0,0,0,0,0,0,0,60,60,0,0,0,15,0,30,0,0,2,0,0,0,0,0,0,1,0,0,0,0,0,0,0,0,0,0,0,0,0,0,0,60,0,120,0,0,0,0,15,0,30,0,0,0,1,0,0,0,0,0,0,1,0,0,0,0,0,3,4,0,Non,Non, ,
2018/02/25 9:22:39 AM UTC+1,0,0,60,15,120,120,0,0,0,60,15,120,120,0,0,30,30,0,30,0,0,1,0,0,0,1,0,0,0,0,0,0,0,0,0,0,30,120,30,120,180,0,15,30,60,30,30,0,0,0,60,30,0,30,0,0,1,1,1,0,0,1,0,0,1,0,0,0,0,0,3,3,3,Non,Non, ,
2018/02/25 10:10:57 AM UTC+1,0,0,0,0,0,0,0,0,120,180,180,180,180,30,0,0,30,0,30,0,0,0,1,0,1,1,0,0,0,0,0,0,0,0,0,0,0,0,0,0,0,0,0,180,180,180,180,180,30,0,0,30,0,30,0,0,0,0,1,1,0,0,0,0,0,0,0,0,0,0,1,0,0,Non,Non, ,
2018/02/25 10:22:18 AM UTC+1,0,0,0,0,0,120,0,15,180,60,180,180,0,0,0,0,0,0,0,15,0,0,0,0,0,0,0,0,1,0,0,0,0,0,0,0,180,180,180,180,180,0,0,0,180,180,120,0,0,0,30,0,0,0,15,0,0,1,0,0,0,0,0,1,0,0,0,0,0,0,3,0,0,Non,Non, ,
2018/02/25 10:34:04 AM UTC+1,0,0,0,60,120,180,0,60,60,60,60,60,0,0,0,15,15,0,30,0,0,2,0,1,0,0,0,0,0,0,0,0,0,0,0,0,0,0,0,60,120,0,15,30,30,60,120,0,0,0,30,0,0,30,0,0,1,0,1,0,0,0,0,0,0,0,0,0,0,0,2,2,2,Non,Non, ,
2018/02/25 4:02:29 PM UTC+1,0,0,0,0,0,180,0,0,15,0,15,0,0,0,0,0,0,0,0,0,0,0,0,2,0,0,0,0,0,0,0,0,0,0,0,0,0,0,0,0,180,0,0,15,0,15,0,0,0,0,0,0,0,0,0,0,0,1,0,1,0,0,0,0,0,0,0,0,0,0,3,2,3,Non,Non,,
2018/02/25 4:56:47 PM UTC+1,30,0,0,0,0,0,60,15,0,0,0,60,180,60,0,0,30,0,60,0,0,3,0,0,2,5,1,0,2,0,0,0,1,0,0,0,0,0,0,0,0,0,0,0,0,0,0,0,0,0,0,0,0,0,0,0,0,0,0,0,0,0,0,0,0,0,0,0,0,0,4,4,6,Non,Oui, ,
2018/02/26 9:55:48 AM UTC+1,60,0,0,0,60,120,0,0,180,120,180,60,60,0,0,0,0,0,0,15,0,1,1,1,1,1,1,0,1,0,0,0,0,1,0,0,120,180,180,180,180,0,0,0,60,60,60,60,0,0,0,15,0,0,15,0,1,1,1,1,1,1,1,0,0,1,0,0,1,0,2,0,2,Non,Non, ,
2018/02/26 10:02:58 AM UTC+1,0,0,0,0,0,0,0,30,0,0,0,60,0,0,0,0,0,0,60,0,0,2,0,0,0,2,0,0,0,0,0,0,0,0,0,0,0,0,0,0,0,0,0,0,30,60,60,0,0,0,60,60,60,0,0,0,0,2,0,0,0,0,0,0,0,0,0,0,0,0,3,5,0,Non,Non, ,
2018/02/26 10:44:29 AM UTC+1,15,0,0,0,120,120,0,0,0,0,0,30,0,0,0,0,0,0,15,0,0,1,0,0,0,0,0,0,1,0,0,0,0,0,0,0,30,0,0,60,120,0,0,0,0,0,30,0,0,0,0,15,0,15,0,0,0,1,0,0,0,0,0,0,1,0,0,0,0,0,3,0,0,Non,Non, ,
2018/02/26 11:23:15 AM UTC+1,0,0,0,0,0,0,0,0,120,120,180,120,60,0,0,0,0,0,30,0,0,0,0,0,0,0,0,0,0,0,0,0,0,0,0,0,0,0,0,0,0,0,0,60,0,0,120,0,0,0,0,30,0,30,0,0,0,0,0,0,0,0,0,0,0,0,0,0,0,0,2,0,0,Non,Non, ,
2018/02/26 2:58:27 PM UTC+1,0,0,0,0,180,120,0,30,0,0,0,180,0,0,0,0,0,0,15,0,0,2,0,0,0,1,0,0,1,0,0,0,0,0,0,0,0,0,120,180,120,0,0,120,180,120,60,0,0,0,60,0,0,0,0,0,2,0,0,0,1,0,0,1,0,0,0,0,0,0,2,0,0,Non,Oui, ,
2018/02/26 3:07:37 PM UTC+1,0,0,0,0,0,0,0,60,180,180,180,180,180,0,0,0,0,0,30,0,0,2,0,0,0,2,0,0,0,0,0,0,0,0,0,0,0,0,0,0,0,0,0,180,180,180,180,180,0,0,0,30,0,30,0,0,2,0,0,0,2,0,0,0,0,0,0,0,0,0,1,0,0,Non,Non, ,
2018/02/26 11:22:37 PM UTC+1,0,0,0,30,180,120,0,0,0,0,0,15,15,0,0,0,0,0,30,0,0,2,1,1,0,2,0,0,0,0,0,0,0,1,0,0,180,180,180,180,180,0,0,15,15,15,15,15,0,0,30,0,0,30,0,0,0,3,0,1,2,0,0,0,1,0,0,1,0,0,2,0,0,Non,Non, ,
2018/02/28 9:46:09 AM UTC+1,0,0,0,0,0,60,0,0,180,120,180,0,15,0,0,0,0,0,30,0,0,3,1,2,1,1,0,0,1,0,0,0,0,0,0,0,0,0,0,0,60,0,0,0,0,30,0,0,0,0,30,0,0,60,0,0,1,1,1,1,1,0,0,0,0,0,0,1,0,0,4,2,0,Non,Non, ,
